,adult,backdrop_path,genre_ids,id,title,original_language,original_title,overview,popularity,poster_path,release_date,softcore,video,vote_average,vote_count
0,False,/7iwUUcKURMT7aKfCwMy6YnGtchD.jpg,"[878, 28, 12]",969681,Spider-Man: Brand New Day,en,Spider-Man: Brand New Day,Fighting crime full-time as Spider-Man in a world that doesn't remember him—and the pressure of seeing his old friends move on without him—sparks a change in Peter Parker he may not have the power to control. But that transformation might also be the only thing that can stop a shocking new threat to the city and those he loves - a powerful villain no one can even see.,1346.7581,/bjiS5ipwxb9JFy3XRRN4OAilSeX.jpg,2026-07-29,False,False,7.893,2163
1,False,/RMXG8myu1aGlNUsRjtxzmpdMK0.jpg,"[12, 28, 14]",1368337,The Odyssey,en,The Odyssey,"Odysseus, the legendary King of Ithaca, embarks on a long and perilous journey home following the Trojan War. Throughout his voyage, he is forced to confront the whims of gods, mythological monsters, and trials that stretch both his cunning and his humanity to the breaking point.",620.9085,/5rhTDKUhPYvpdQIijFIs5VoWsON.jpg,2026-07-15,False,False,7.992,3198
2,False,/qDa0fqDqIBCovRp975RvtGPcuN3.jpg,"[28, 53]",1288445,Mutiny,en,Mutiny,"After witnessing his billionaire boss' murder and being framed for the crime, Cole Reed boards a cargo ship on a one-man crusade to avenge his boss' death only to discover an international conspiracy.",534.5399,/aAnTt6KpmbbHbd6xH3FQFlppZjc.jpg,2026-08-19,False,False,6.541,171
3,False,/z7lZgL5tzefTfhyRtouThFhsuUS.jpg,"[28, 878, 53]",1323244,Rage of Stars,en,Rage of Stars,"A story about a woman from the International Special Forces Unit, who has a premonition about the impending end of humanity.",317.4746,/oLld47ZT1I3iecM3OWhIphohQUJ.jpg,2026-08-06,False,False,5.545,44
4,False,/8sSKdEmlmqF4kJUd28SqthXC4yZ.jpg,"[16, 10751, 35, 12]",1084244,Toy Story 5,en,Toy Story 5,"When Bonnie receives a Lilypad tablet as a gift and becomes obsessed, Buzz, Woody, Jessie and the rest of the gang's jobs become exponentially harder when they have to go head to head with the all-new threat to playtime.",308.0179,/sfQtVlIHljToOwYjhe21KPGzZWK.jpg,2026-06-17,False,False,8.227,1644
5,False,/rZfmzpixLKLR3Hg2u0WgC7XLFl8.jpg,"[27, 53]",1339713,Obsession,en,Obsession,"After breaking the mysterious ""One Wish Willow"" to win his crush's heart, a hopeless romantic finds himself getting exactly what he asked for but soon discovers that some desires come at a dark, sinister price.",263.8897,/bRwnj8WEKBCvmfeUNOukJPwB43K.jpg,2026-05-13,False,False,8.21,5054
6,False,/c4U96GrPRfnNrS01mBtqnocvlLJ.jpg,"[80, 28, 53]",1621552,Facing El Chapo,es,La captura,Two Mexican officers must survive the final hours of their shift after crossing a ruthless cartel boss.,309.1784,/alpf5v4UqSFawPmG9RX03Or4BDk.jpg,2026-08-21,False,False,8.452,157
7,False,/c6BPbkO5Npt1OdwttAxCFo06wtH.jpg,"[10751, 14, 35, 12]",1108427,Moana,en,Moana,"Teenage Moana answers the Ocean's call and, for the first time, voyages beyond the reef of her island of Motunui with infamous demigod Maui on an unforgettable journey to restore prosperity to her people.",227.9032,/zKVgiv5qHCvCLT4A2ymJi5QeXDH.jpg,2026-07-08,False,False,6.087,229
8,False,/uyrOU4BDm2kbVxFsMiDFIHDhc4d.jpg,"[28, 12, 878]",634649,Spider-Man: No Way Home,en,Spider-Man: No Way Home,"Peter Parker is unmasked and no longer able to separate his normal life from the high-stakes of being a super-hero. When he asks for help from Doctor Strange the stakes become even more dangerous, forcing him to discover what it truly means to be Spider-Man.",200.4471,/1g0dhYtq4irTY1GPXvft6k4YLjm.jpg,2021-12-15,False,False,7.942,22847
9,False,/kkcwhgSFd81QDlXo8ytrpHPQjhy.jpg,"[12, 16, 35, 10751, 14]",1315772,Minions & Monsters,en,Minions & Monsters,"This is the rambunctious, ridiculous and totally true story of how the Minions conquered Hollywood, became movie stars, lost everything, unleashed monsters onto the world and then banded together to try and save the planet from the mayhem they had just created.",195.6943,/4LwvU9SZc8QQzW1X1FAPhNbXnEU.jpg,2026-06-24,False,False,7.561,864
10,False,/84FEpVVbSKYvKXDZJDZXOKBxCEm.jpg,"[28, 27, 878]",1375646,Colony,ko,군체,"Professor Se-jeong is thrust into a bloody nightmare when a rapidly mutating virus is released during a biotech conference causing authorities to seal the facility. Trapped inside with no escape, Se-jeong along with a small group of survivors must fight to stay alive while the infected undergo horrific transformations.",187.1542,/tN799oUR0f1gUKDYdMNrDaY7I51.jpg,2026-05-21,False,False,8.112,609
11,False,/wcUohmHc9oDZXarXDp905TYVui4.jpg,"[18, 10749]",82023,Hotel Desire,de,Hotel Desire,"Antonia is a single mother who works as a hotel maid in Berlin. A normal hot summer day takes a dramatic turn when she crosses paths with a particular guest of the hotel, famous blind portrait painter Julius Pass.",178.8819,/47XRWH95ATv4szxdWHl723guWXP.jpg,2011-12-07,False,False,6.151,159
12,False,/lh3BDkmWJh998n4fQcHYcVi7dpm.jpg,"[12, 18, 28]",1284465,The Death of Robin Hood,en,The Death of Robin Hood,"Grappling with his past after a life of crime and murder, Robin Hood finds himself gravely injured after a battle he thought would be his last. In the hands of a mysterious woman, he is offered a chance at salvation.",143.6808,/92Tsfx7SFafOqWsotvrlJbHyehd.jpg,2026-06-18,False,False,6.278,248
13,False,/flxau5Iu7bChQHsESqvGZ3FQRaI.jpg,"[878, 53]",1275779,Disclosure Day,en,Disclosure Day,"A cybersecurity expert becomes a whistleblower after uncovering secrets about aliens, putting him on the run from a corporation. Meanwhile, a meteorologist experiencing strange phenomena joins forces with him to prove there's life beyond our understanding.",135.0708,/AnJ8IQJI23hNpYXVNaythu061Ru.jpg,2026-06-10,False,False,7.483,3020
14,False,/dqmMWNWfLnExDRpMtIMqI97GQFR.jpg,"[27, 9648, 878]",1083381,Backrooms,en,Backrooms,A strange doorway appears in the basement of a furniture showroom.,138.9728,/rhGx6E3qRNMgj3i5su2oukNHwIQ.jpg,2026-05-27,False,False,7.09,2957
15,False,/1RhfevWmWCVHtEqxWBEjPOC5KG1.jpg,"[27, 878, 53]",1284041,The Last House,en,The Last House,A family suddenly sealed inside their home must work together to survive against dwindling resources and the ominous threat keeping them trapped.,125.0123,/6JU7E8Vv2M11egkctWVOScxWR75.jpg,2026-08-06,False,False,6.925,1048
16,False,/yjK3ardrgdS8suZG8KMU82Q7U38.jpg,[10749],1285366,Shape of My Heart,ja,愛のぬくもり,"A romance about a man and a woman who, due to an unexpected event, end up switching bodies. Despite coming from completely different backgrounds and environments, the two try to overcome the various difficulties that arise from their body swap.",114.7357,/3r0O6BW9USoZ9mteCVyNKMQriRL.jpg,2024-07-06,False,False,6.2,4
17,False,/o0jkkpcN81QqSl8DMLScBCXyUH9.jpg,[27],1212763,Evil Dead Burn,en,Evil Dead Burn,"After her husband's abrupt death, Alice seeks solace with his remaining family — descendants of a leading researcher on demonic possession. As her in-laws transform one by one into creatures that feed on fear, she comes to discover that the vows she took in life survive even in death.",155.1931,/uRxrNXQWkHoENm3nwVOZDYSCx2F.jpg,2026-07-07,False,False,7.814,1280
18,False,/cLFbDVfhllIMybpo2fkGNzehiQG.jpg,"[12, 53, 878]",840464,Greenland 2: Migration,en,Greenland 2: Migration,"Having found the safety of the Greenland bunker after the comet Clarke decimated the Earth, the Garrity family must now risk everything to embark on a perilous journey across the wasteland of Europe to find a new home.",122.9546,/z2tqCJLsw6uEJ8nJV8BsQXGa3dr.jpg,2026-01-07,False,False,6.404,1479
19,False,/b9q9VmbXDvJmTziRqkwdEmFdwhr.jpg,"[878, 9648, 53]",1101383,The End of Oak Street,en,The End of Oak Street,"After a mysterious cosmic event rips Oak Street from suburbia and transports their neighborhood to someplace unknown, the Platt family soon discovers that their very survival depends on them sticking together as they navigate their now unrecognizable surroundings.",115.3723,/fYXqpgPmHMphSF2W30GbTeJVIa5.jpg,2026-08-12,False,False,6.396,361
20,False,/54KIfdTEzOliHDKx0OkzYGqAICx.jpg,"[28, 12, 878]",1081003,Supergirl,en,Supergirl,"When an unexpected and ruthless adversary strikes too close to home, Kara Zor-El, aka Supergirl, reluctantly joins forces with an unlikely companion on an epic, interstellar journey of vengeance and justice.",108.8731,/1QCWdqzTfh2x9UylVpspIU6QTuM.jpg,2026-06-24,False,False,6.73,2058
21,False,/8Tfys3mDZVp4tNoH2ktm06a0Tau.jpg,"[878, 12]",687163,Project Hail Mary,en,Project Hail Mary,"Science teacher Ryland Grace wakes up on a spaceship light years from home with no recollection of who he is or how he got there. As his memory returns, he begins to uncover his mission: solve the riddle of the mysterious substance causing the sun to die out. He must call on his scientific knowledge and unorthodox ideas to save everything on Earth from extinction.",120.5571,/yihdXomYb5kTeSivtFndMy5iDmf.jpg,2026-03-15,False,False,8.648,7344
22,False,/vcZ3UUVmFNk90DBSrTBlTKCdbbE.jpg,"[35, 18, 53]",1130948,Rosebush Pruning,en,Rosebush Pruning,"In a Spanish villa, American siblings Jack, Ed, Anna and Robert wallow in isolation and their inherited fortune. When Jack wants to move in with his girlfriend and Ed uncovers the truth about their mother’s death, the fabric of the family begins to unravel.",129.7855,/tXsTtSgguTsk5J115jokwK55awF.jpg,2026-04-23,False,False,6.476,21
23,False,/1KlBjmE84thylby7Y2OuR0ig3rg.jpg,"[18, 10749]",391312,Mourning Wife,ja,喪服の女　崩れる,"Director Daisuke Goto, the master of the cinematic Pink Eiga, is back with this retelling of the classic film noir, The Postman Always Rings Twice. A married woman, tasked with running her handicapped husband’s failing printing business, meets a drifter and they fall in love. Soon a plan to murder the husband is put into motion and the forces of fate begin to show their hand. Featuring bravura filmmaking, fantastic performances and steamy sex, the Mourning Wife is a worthy follow up for any fan of Daisuke Goto’s masterpiece A Lonely Cow Weeps at Dawn.",152.3867,/4cfd33evWkw8TPq95WkHeU82m8O.jpg,2001-09-28,False,False,4.5,6
24,False,/xWBiXclrRmTggQHMRsIn84YHavs.jpg,[35],1273221,Scary Movie,en,Scary Movie,"Twenty-six years after outrunning a suspiciously familiar masked killer, the Core Four are back in the killer's crosshairs and no horror movie IP is safe.",114.1267,/znHT8peERZRWG1ME3r0Db0EV8k8.jpg,2026-06-03,False,False,6.438,1732
25,False,/hD8y787ciNWQ2bn396YrSsOIzdN.jpg,"[27, 53]",1291595,Insidious: Out of the Further,en,Insidious: Out of the Further,"Gemma, a young mother raising her daughter in the house she grew up in, discovers she can travel into The Further, where she possesses an ability to bring what lives there back to the real world.",107.1441,/4tTrW9dXCByS5wt2pXVWb58zNjz.jpg,2026-08-19,False,False,6.615,65
26,False,/fRjy6zDeNjfzmjpKz8mElA9Aa6l.jpg,[10749],1523145,Your Heart Will Be Broken,ru,Твоё сердце будет разбито,"High school student Polina is saved from bullying at her new school and makes a deal with the main bully Bars: he must pretend to be her boyfriend and protect her, and she must do everything he says. During this game, the couple develops real feelings, but her family and classmates have reasons to separate the lovers.",90.8056,/7wIBfBl2gejt6xHxNSK0reVIm7E.jpg,2026-03-26,False,False,7.1,120
27,False,/jgsptBYJbuO7omWLOj1HNsqvgLM.jpg,"[10749, 35, 18]",1538273,Pyaar Prema Kalyanam,ta,ப்யார் ப்ரேமா கல்யாணம்,"When a bride refuses to leave her family home after marriage, her husband must find out if he can adjust to life under his in-laws' roof.",91.5066,/AjaNAeMXOrK9n0YqGqX0Lz5qxYu.jpg,2026-08-21,False,False,8.5,2
28,False,/1ebY06Gc1eUZcCoO7IoD4tWCFxm.jpg,"[28, 10752]",1594914,Lucky Strike,en,Lucky Strike,"A wounded American soldier fights to survive behind enemy lines during WWII's Battle of the Bulge against the Germans, relying on his instinct, spy craft and a hand-radio to evade capture and find his way back to his unit.",95.3707,/7AEBdyGYXumXWmMFeynE8227KeZ.jpg,2026-06-26,False,False,7.212,33
29,False,/yQIdU11DYQQp0neGtGtGxbGfRer.jpg,"[28, 14, 878]",454639,Masters of the Universe,en,Masters of the Universe,"After being separated for 15 years, the Sword of Power leads Prince Adam back to Eternia, where he discovers his home shattered under the fiendish rule of Skeletor. To save his family and his world, Adam must join forces with his closest allies, Teela and Duncan/Man-At-Arms, and embrace his true destiny as He-Man — the most powerful man in the universe.",103.8047,/oRuyGUHdoaQxWP3SDfafGkStxTC.jpg,2026-06-03,False,False,7.158,1952
30,False,/ezbrL1dMymKQZw7mDEWa2ZTzN7d.jpg,"[16, 28, 12, 14]",980431,Avatar Aang: The Last Airbender,en,Avatar Aang: The Last Airbender,"Avatar Aang, the world's last Airbender, learns of an ancient power that could save his culture from extinction. With the help of his friends, he embarks on a global quest to find it before it falls into the wrong hands and threatens to upend the peace they sacrificed everything to achieve.",87.7906,/3sgnSfNT27Bx5O5ukr7B26mhEQq.jpg,2026-07-24,False,False,9.199,972
31,False,/iZLqwEwUViJdSkGVjePGhxYzbDb.jpg,"[878, 53]",755898,War of the Worlds,en,War of the Worlds,"Will Radford is a top analyst for Homeland Security who tracks potential threats through a mass surveillance program, until one day an attack by an unknown entity leads him to question whether the government is hiding something from him... and from the rest of the world.",106.7639,/yvirUYrva23IudARHn3mMGVxWqM.jpg,2025-07-29,False,False,4.048,1106
32,False,/dUbP1HNdI0aCq1zgRJw28PWSqmk.jpg,"[28, 35, 99]",1612018,Jackass: Best and Last,en,Jackass: Best and Last,The fifth and final installment to Jackass franchise where the crew go on one last insane crusade.,94.2353,/tfgccePxnswMqhmtxafliLlcCVR.jpg,2026-06-25,False,False,7.634,190
33,False,/7t6f6VxA2ZXbbZSVctgt7bZG2DI.jpg,"[27, 878, 53]",1307118,Soulm8te,en,Soulm8te,"After a ruthless tech giant acquires a small robotics company, a grieving engineer is tasked with testing their new AI companion. But when he attempts to reprogram her to be a truly sentient soulmate, she develops needs of her own—unleashing a relentless spree of precision-engineered mayhem.",86.1161,/bNErActDctl6cdUGw9pnjSCmyhQ.jpg,2026-07-31,False,False,7.385,265
34,False,/2GmxXQK5CRVb5PhWrkuzPXB7hSA.jpg,[27],1314826,Yellow Eyes,en,Yellow Eyes,"A young couple inherits a house containing a mysterious relic that hosts the spirit of a powerful demon, and the wife of the man it possesses must find an exorcist to save him.",96.7966,/tdIqb0g8fimv2bXIEZdWu6Zfywt.jpg,2026-08-18,False,False,4.0,4
35,False,/sdZSjtGUTSN8B3al5o0f2WoQfQQ.jpg,"[878, 12, 14]",83533,Avatar: Fire and Ash,en,Avatar: Fire and Ash,"In the wake of the devastating war against the RDA and the loss of their eldest son, Jake Sully and Neytiri face a new threat on Pandora: the Ash People, a violent and power-hungry Na'vi tribe led by the ruthless Varang. Jake's family must fight for their survival and the future of Pandora in a conflict that pushes them to their emotional and physical limits.",90.7241,/bRBeSHfGHwkEpImlhxPmOcUsaeg.jpg,2025-12-17,False,False,7.651,4203
36,False,/mDfJG3LC3Dqb67AZ52x3Z0jU0uB.jpg,"[12, 28, 878]",299536,Avengers: Infinity War,en,Avengers: Infinity War,"As the Avengers and their allies have continued to protect the world from threats too large for any one hero to handle, a new danger has emerged from the cosmic shadows: Thanos. A despot of intergalactic infamy, his goal is to collect all six Infinity Stones, artifacts of unimaginable power, and use them to inflict his twisted will on all of reality. Everything the Avengers have fought for has led up to this moment - the fate of Earth and existence itself has never been more uncertain.",98.1846,/7WsyChQLEftFiDOVTGkv3hFpyyt.jpg,2018-04-25,False,False,8.241,32700
37,False,/8gBOpyW6iTDGZJR93YuF3L7dDuI.jpg,"[18, 10770]",441168,From Straight A's to XXX,en,From Straight A's to XXX,"When a change of circumstances leaves Miriam unable to pay her college tuition, she makes a surprising decision: to start performing in adult films, using the pseudonym Belle Knox. Miriam lies to her family and her friends at school, keeping her double life a secret. But soon rumours spread and Miriam becomes the subject of vicious online attacks and unwanted attention. Miriam fights back: she talks to the media, saying her new line of work empowers her as a feminist. But her confident stand has unintended consequences. Miriam is shunned by her conservative family and her colleagues in the adult film world. One impulsive decision has quickly spiralled out of control - and Miriam's problems are just beginning.",92.7541,/7o7qmymPy1D9mASODsrOHq41Fye.jpg,2017-02-11,False,False,5.912,170
38,False,/rOIaKlAX0SeNC25dFbM0y1mFsH6.jpg,"[12, 14, 28]",1698863,The Odyssey,en,The Odyssey,"Based on the Ancient Greek epic. After ten years of war, King Odysseus sets sail for Ithaca, eager to reunite with his beloved. But his journey home is far more treacherous than the battlefield, as he must face deadly monsters and vengeful gods to survive.",87.4041,/xBHCRB7zLIW41w8QskfwJhm32YF.jpg,2026-07-03,False,False,4.04,364
39,False,/fn4n6uOYcB6Uh89nbNPoU2w80RV.jpg,"[28, 12, 878]",315635,Spider-Man: Homecoming,en,Spider-Man: Homecoming,"Following the events of Captain America: Civil War, Peter Parker, with the help of his mentor Tony Stark, tries to balance his life as an ordinary high school student in Queens, New York City, with fighting crime as his superhero alter ego Spider-Man as a new threat, the Vulture, emerges.",83.5081,/c24sv2weTHPsmDa7jEMN0m2P3RT.jpg,2017-07-05,False,False,7.333,23752
40,False,/1RgPyOhN4DRs225BGTlHJqCudII.jpg,"[16, 28, 14]",1311031,Demon Slayer: Kimetsu no Yaiba Infinity Castle,ja,劇場版「鬼滅の刃」無限城編 第一章 猗窩座再来,"The Demon Slayer Corps are drawn into the Infinity Castle, where Tanjiro, Nezuko, and the Hashira face terrifying Upper Rank demons in a desperate fight as the final battle against Muzan Kibutsuji begins.",85.6195,/fWVSwgjpT2D78VUh6X8UBd2rorW.jpg,2025-07-18,False,False,8.764,1975
41,False,/7t6f6VxA2ZXbbZSVctgt7bZG2DI.jpg,"[27, 878, 53]",1307118,Soulm8te,en,Soulm8te,"After a ruthless tech giant acquires a small robotics company, a grieving engineer is tasked with testing their new AI companion. But when he attempts to reprogram her to be a truly sentient soulmate, she develops needs of her own—unleashing a relentless spree of precision-engineered mayhem.",86.1161,/bNErActDctl6cdUGw9pnjSCmyhQ.jpg,2026-07-31,False,False,7.4,266
42,False,/dNKFETDDujxm2PUN873Jwiw5VML.jpg,"[27, 14, 9648]",1232569,Pinocchio: Unstrung,en,Pinocchio: Unstrung,"Influenced by a sinister Cricket and created by Geppetto, Pinocchio launches a violent crusade to carve himself into a real boy like his brother James, one piece at a time.",136.8449,/eUJXk3bTvLBi5Zcb0BCedZU7lVL.jpg,2026-07-22,False,False,7.0,56
43,False,/zfbjgQE1uSd9wiPTX4VzsLi0rGG.jpg,"[18, 80]",278,The Shawshank Redemption,en,The Shawshank Redemption,"Imprisoned in the 1940s for the double murder of his wife and her lover, upstanding banker Andy Dufresne begins a new life at the Shawshank prison, where he puts his accounting skills to work for an amoral warden. During his long stretch in prison, Dufresne comes to be admired by the other inmates -- including an older prisoner named Red -- for his integrity and unquenchable sense of hope.",83.9774,/9cqNxx0GxF0bflZmeSMuL5tnGzr.jpg,1994-09-23,False,False,8.728,31141
44,False,/s4v0UX1anfXm0UvloLsTTJ4v222.jpg,"[878, 28, 12]",1003596,Avengers: Doomsday,en,Avengers: Doomsday,Beloved heroes from three distinct universes are set on a deadly collision course and face an existential threat unlike anything they've ever encountered.,84.4837,/jzPwsojjFStf5lR5Nm07w2hH56G.jpg,2026-12-16,False,False,0.0,0
45,False,/zQ8AxTPiCiS5nnwXpwTBPBHSaa5.jpg,"[28, 878]",557,Spider-Man,en,Spider-Man,"After being bitten by a genetically altered spider at Oscorp, nerdy but endearing high school student Peter Parker is endowed with amazing powers to become the superhero known as Spider-Man.",77.568,/or6XJBVpcEbIkma0V9zshnbEtx4.jpg,2002-05-01,False,False,7.349,21258
46,False,/c4TkvRGVrghFY2qFKJ0SUwqtAiW.jpg,"[16, 28, 12, 14]",1599191,Renegade Immortal: Battle of the Immortal Slayer,zh,仙逆剧场版：弑仙之战,,80.0957,/m1dXI1997D7lj6Sh0Z2DI26o2nI.jpg,,False,False,0.0,0
47,False,/kxQiIJ4gVcD3K6o14MJ72p5yRcE.jpg,"[10751, 35, 12, 14, 16]",1226863,The Super Mario Galaxy Movie,en,The Super Mario Galaxy Movie,"Having thwarted Bowser's previous plot to marry Princess Peach, Mario and Luigi now face a fresh threat in Bowser Jr., who is determined to liberate his father from captivity and restore the family legacy. Alongside companions new and old, the brothers travel across the stars to stop the young heir's crusade.",72.8068,/eJGWx219ZcEMVQJhAgMiqo8tYY.jpg,2026-04-01,False,False,8.249,3536
48,False,/ufSwlnECLoUbBjPrFqEQcWBzHwc.jpg,"[10402, 18]",936075,Michael,en,Michael,"The story of Michael Jackson, one of the most influential artists the world has ever known, and his life beyond the music. His journey from the discovery of his extraordinary talent as the lead of the Jackson Five, to the visionary artist whose creative ambition fueled a relentless pursuit to become the biggest entertainer in the world, highlighting both his life off-stage and some of the most iconic performances from his early solo career.",77.7489,/2AvgnCwCakNiJqWZqaQhdGjWNey.jpg,2026-04-22,False,False,8.7,4173
49,False,/jVeYae744cR2ogx9ShQ3qXOcRiZ.jpg,[27],964849,Nightborn,fi,Yön lapsi,"In Finnish forest, Saga and her husband Jon embark on a new chapter as parents. But Saga's joy is overshadowed by a chilling suspicion about their newborn, unbeknownst to Jon, causing a rift as she alone grapples with the disturbing truth.",77.9782,/e9ALgOANOJbcFpw84MbafK3xvD2.jpg,2026-07-01,False,False,6.368,53
50,False,/szKv713FcUXx6hcfdY369vtkmzr.jpg,"[27, 53]",1127384,Deep Water,en,Deep Water,A group of international passengers on a flight from Los Angeles to Shanghai is forced to make an emergency landing in shark-infested waters. The terrified group is forced to work together and overcome their differences if they hope to escape their sinking plane and the frenzy of sharks drawn to the wreckage.,72.7875,/cyI2Ugpq98WZN1GEYeWkn4ztXOc.jpg,2026-04-30,False,False,7.122,419
51,False,/lWVnUBYG7nIb84gxa3tSeP8CghA.jpg,"[27, 53]",1432706,Bury the Devil,en,Bury the Devil,"When a hospice nurse finds herself trapped with a dementia patient, she begins to suspect something else is wrong with the woman, something otherworldly, and must fight to survive the night.",79.3155,/yQ3GeVsebrhOPIBhIdoSslbndEv.jpg,2026-03-06,False,False,6.3,12
52,False,/4wmvU2Px3C8v3qqyNpBmgJrWQEx.jpg,"[27, 53]",1481343,The Devil's Mouth,en,The Devil's Mouth,"A group of college friends' Thailand adventure turns deadly when they become trapped in submerged caves with a dangerous predator. As oxygen runs low, past conflicts emerge in their desperate fight for survival.",70.2831,/lH8k9uCWYn2b2gsYleqYBDPbWa8.jpg,2026-07-29,False,False,6.557,705
53,False,/7y8zWGEjs7tresw4Hzkkf4TdkcL.jpg,"[27, 10749]",1564614,Leviticus,en,Leviticus,Two teenage boys must escape a violent entity that takes the form of the person they desire most:  each other.,68.8409,/gnAsZvBygplNpp8PtjoTEYv3VPB.jpg,2026-06-17,False,False,6.7,427
54,False,/9BBTo63ANSmhC4e6r62OJFuK2GL.jpg,"[878, 28, 12]",24428,The Avengers,en,The Avengers,"When an unexpected enemy emerges and threatens global safety and security, Nick Fury, director of the international peacekeeping agency known as S.H.I.E.L.D., finds himself in need of a team to pull the world back from the brink of disaster. Spanning the globe, a daring recruitment effort begins!",76.5874,/RYMX2wcKCBAr24UyPD7xwmjaTn.jpg,2012-04-25,False,False,8.07,39422
55,False,/Af907x5h9W1wVis8XrSd7ynTWuy.jpg,"[35, 18]",1314481,The Devil Wears Prada 2,en,The Devil Wears Prada 2,"Andy Sachs returns to Runway as Miranda Priestly navigates a new media landscape and Runway's position within. The duo reconnect with former assistant Emily Charlton, now the head of a luxury brand that possesses funding which could ensure Runway's survival.",73.4361,/xTI42pmsP5EDnvsNJPEDubwWBQO.jpg,2026-04-29,False,False,7.064,2178
56,False,/qO55CD8tgVL1T4WKn6zYFFiD6lL.jpg,"[28, 18, 80]",1439930,The Punisher: One Last Kill,en,The Punisher: One Last Kill,"As Frank Castle searches for meaning beyond revenge, an unexpected force pulls him back into the fight.",66.073,/qQclTgLMDvGBuUBFGHRipxkEwWR.jpg,2026-05-12,False,False,8.3,2140
57,False,/wPSOPYy2fV62GjeXpVdKyweZGZu.jpg,[53],1727780,Borderline,en,Borderline,"Convinced they are our secret saviors, rogue U.S. operatives abduct Mexican gang members and seed them across major American cities, unleashing criminal chaos, swaying voters by playing on nativist prejudices, and forcing law enforcement into a race to expose the plot as the escalating carnage threatens democracy itself.",67.164,/sAA2mjpYJFAKydtzG4P4aHC4mZk.jpg,2026-07-17,False,False,5.7,15
58,False,/kc4mTbUYh3hWwOAznpxEXQU9xxf.jpg,"[18, 10749, 80]",194117,Woman in the Moon,it,La donna della luna,An Italian-American woman traveling to Sicily picks up a teenager who claims to be in trouble with some drug dealers.,53.8738,/6uiz2xx61qhGv3ZcZg0n5tgahY3.jpg,1988-03-31,False,False,5.6,8
59,False,/5XNQBqnBwPA9yT0jZ0p3s8bbLh0.jpg,"[12, 18, 878]",157336,Interstellar,en,Interstellar,The adventures of a group of explorers who make use of a newly discovered wormhole to surpass the limitations on human space travel and conquer the vast distances involved in an interstellar voyage.,68.7016,/yQvGrMoipbRoddT0ZR8tPoR7NfX.jpg,2014-11-05,False,False,8.5,40908
60,False,/caBIySpwuFi2i7ynvHIlnxJLOdN.jpg,"[16, 28, 12]",1560520,Batman: Knightfall Part 1: Knightfall,en,Batman: Knightfall Part 1: Knightfall,"Arkham Asylum has been destroyed, and all its inmates have been unleashed upon Gotham City. As Batman races to round up some of his greatest enemies, he is pushed to his physical and mental limits and into a final confrontation with a new threat: the man called Bane!",66.0805,/360qdtu2hLnqMu8SVHMywn420w1.jpg,2026-06-23,False,False,8.4,18
61,False,/tvY4QPyopLVaRkPVOQb3Y1dyy7f.jpg,"[10749, 18]",1516698,The Last Sunrise,en,The Last Sunrise,"Ry, a college student with a chronic illness, escapes to Mallorca for the summer with her mother, where she unexpectedly falls for a local and begins to embrace living in the moment. But as her condition worsens and long-hidden family secrets come to light, everything she has found before summer's end is threatened.",65.8081,/3PWJqDfygN0YNNjWsDUOXclCp3h.jpg,2026-08-26,False,False,10.0,3
62,False,/7RyHsO4yDXtBv1zUU3mTpHeQ0d5.jpg,"[12, 878, 28]",299534,Avengers: Endgame,en,Avengers: Endgame,"After the devastating events of Avengers: Infinity War, the universe is in ruins due to the efforts of the Mad Titan, Thanos. With the help of remaining allies, the Avengers must assemble once more in order to undo Thanos' actions and restore order to the universe once and for all, no matter what consequences may be in store.",64.9175,/ulzhLuWrPK07P1YkdWQLZnQh1JL.jpg,2019-04-24,False,False,8.24,28447
63,False,/9XwQphZxNJgGASfjL58mhIkJJpf.jpg,"[28, 80, 53]",1280738,The Furious,zh,火遮眼,"After a criminal network kidnaps Wang Wei's daughter and the corrupt police refuse to assist him, Wei sets out on his own to locate her. Navin, a tenacious journalist whose wife has mysteriously vanished, is his only ally. In this explosive martial arts showdown, the unlikely duo fights the kidnappers ruthlessly driven by a furious vengeance.",62.1591,/zP19YO60jwEsfKd5Qf1UvA5uJu8.jpg,2026-06-10,False,False,8.168,631
64,False,/lgotja3xMoJZbynwHfcQcJAEMWH.jpg,"[16, 12, 35, 9648, 10751]",1084242,Zootopia 2,en,Zootopia 2,"After cracking the biggest case in Zootopia's history, rookie cops Judy Hopps and Nick Wilde find themselves on the twisting trail of a great mystery when Gary De'Snake arrives and turns the animal metropolis upside down. To crack the case, Judy and Nick must go undercover to unexpected new parts of town, where their growing partnership is tested like never before.",66.6317,/oJ7g2CifqpStmoYQyaLQgEU32qO.jpg,2025-11-26,False,False,7.68,3327
65,False,/nHxWyy18SvAZ8jJeemtS8k1UNjM.jpg,"[28, 80, 53]",1290821,Shelter,en,Shelter,"A man living in self-imposed exile on a remote island rescues a young girl from a violent storm, setting off a chain of events that forces him out of seclusion to protect her from enemies tied to his past.",60.6765,/buPFnHZ3xQy6vZEHxbHgL1Pc6CR.jpg,2026-01-28,False,False,7.784,1768
66,False,/kVd3a9YeLGkoeR50jGEXM6EqseS.jpg,"[16, 28, 12, 878]",569094,Spider-Man: Across the Spider-Verse,en,Spider-Man: Across the Spider-Verse,"After reuniting with Gwen Stacy, Brooklyn’s full-time, friendly neighborhood Spider-Man is catapulted across the Multiverse, where he encounters the Spider Society, a team of Spider-People charged with protecting the Multiverse's very existence. But when the heroes clash on how to handle a new threat, Miles finds himself pitted against the other Spiders and must set out on his own to save those he loves most.",71.0205,/8Vt6mWEReuy4Of61Lnj5Xj704m8.jpg,2023-05-31,False,False,8.346,9108
67,False,/lEwqBGNR65KZv6Ej5ufcmhZu2y2.jpg,"[35, 18, 10749]",950028,The Invite,en,The Invite,"Joe and Angela's marriage is on thin ice. When they invite their enigmatic upstairs neighbors for a dinner party, the night spirals into unexpected places. Have they reignited the spark or lit the match that burns it all down?",58.2172,/b7Dr8Chzse8VagexAporUu2RtLx.jpg,2026-06-25,False,False,7.317,342
68,False,/uLu8zcwmR7qjkkF3zkScm6Sjh2v.jpg,[18],5721,Vixen!,en,Vixen!,"In a Canadian mountain resort, Vixen Palmer resides with her naive pilot husband Tom. While he's away flying in tourists, she sleeps with practically everybody including a husband and his wife, and even her biker brother. However, the only one she won't bed is her brother's friend... who is Black.",45.337,/9KMZWDA3xTrlgrScqdMisINQmsh.jpg,1968-10-15,False,False,5.518,109
69,False,/8ZTVqvKDQ8emSGUEMjsS4yHAwrp.jpg,"[28, 878, 12]",27205,Inception,en,Inception,"Cobb, a skilled thief who commits corporate espionage by infiltrating the subconscious of his targets is offered a chance to regain his old life as payment for a task considered to be impossible: ""inception"", the implantation of another person's idea into a target's subconscious.",57.2413,/xlaY2zyzMfkhk0HSC5VUwzoZPU1.jpg,2010-07-15,False,False,8.372,39995
70,False,/HVcza6tJtWFrLriuh3Ano4Vt46.jpg,"[28, 12, 878]",1930,The Amazing Spider-Man,en,The Amazing Spider-Man,A teenage Peter Parker grapples with both high school and amazing super-human crises as his alter-ego Spider-Man.,59.6336,/jexoNYnPd6vVrmygwF6QZmWPFdu.jpg,2012-06-23,False,False,6.757,18989
71,False,/wFKDH8nAz7l9iyVobjcNAPTrkNz.jpg,"[28, 12, 878]",1228710,The Mandalorian and Grogu,en,The Mandalorian and Grogu,"The evil Empire has fallen, and Imperial warlords remain scattered throughout the galaxy. As the fledgling New Republic works to protect everything the Rebellion fought for, they have enlisted the help of legendary Mandalorian bounty hunter Din Djarin and his young apprentice Grogu.",63.8701,/7GV5rrUJf0BRUhoh2cyFoeNthlQ.jpg,2026-05-20,False,False,7.5,1366
72,False,/oV472EbPedkc5QzqolGc7sCgCnn.jpg,"[27, 28, 53]",1110034,Kraken,no,Kraken,"A marine biologist is doing research on a fish farm when she encounters several strange occurrences. Along with the brutal deaths of two teenagers, all signs point to the deep fjord; can there be more to the depths than the eye can see?",55.6467,/xdZ8k5s8DTwWyPBMIcflrYLgcAK.jpg,2026-02-06,False,False,6.314,287
73,False,/3jgATRIFenOrgNKEC9bFv5QqKGf.jpg,"[35, 53]",1599993,Animals,es,Animales,"Four couples sail the thin line between desire and search for authenticity, in a world where truth is as fragile as their relationships.",63.2893,/9fbZdiOI9fRinl44mNm3CYgEtYR.jpg,2026-02-05,False,False,6.207,29
74,False,/oBter8Y5p2ZFUwWgQ1T9pulGFTJ.jpg,"[9648, 18]",1668364,Desire,es,Deseo,"Lucero’s life appears immaculate: a wealthy household, a devoted husband, and two children who embody the promise of a perfect family. Yet beneath this surface simmers a quiet dissatisfaction. When Matías, a young swimming coach hired by her husband, enters their lives, Lucero finds herself pulled into a risky and consuming relationship. As secrecy, desire, and jealousy tighten their grip, the boundaries within the family begin to collapse, placing mother and daughter in a dangerous emotional triangle that threatens to shatter everything Lucero has built.",62.372,/3bEqHqeaQlFykaLQ7N4gDkIvL5w.jpg,2026-05-07,False,False,6.774,239
75,False,/iJnzzLRP2K1jzJ6CBV4YSIfQL8q.jpg,[18],1062185,Let's Both Try,en,Let's Both Try,"Alice and Tommy are newlywed photographers whose love and faith are tested when Tommy embarks on a nude photography project. In response, Alice chooses to pose for another photographer, setting off a series of events that forces them to confront their deepest desires and insecurities.",50.4121,/hODYZg42tM0zrqEnWqhhSYqBJsE.jpg,2025-05-27,False,False,0.0,0
76,False,/tJvRdhlkonjBLBUpTqp0RPPujxJ.jpg,"[27, 53]",49018,Insidious,en,Insidious,"A family discovers that dark spirits have invaded their home after their son inexplicably falls into an endless sleep. When they reach out to a professional for help, they learn things are a lot more personal than they thought.",55.089,/1egpmVXuXed58TH2UOnX1nATTrf.jpg,2011-03-31,False,False,6.951,7518
77,False,/3Jj0A10NVu2dWnoEL5t5oT79L1Y.jpg,"[12, 16, 35, 10751, 878]",1327819,Hoppers,en,Hoppers,"Scientists have discovered how to 'hop' human consciousness into lifelike robotic animals, allowing people to communicate with animals as animals. Animal lover Mabel seizes an opportunity to use the technology, uncovering mysteries within the animal world beyond anything she could have imagined.",55.9998,/xjtWQ2CL1mpmMNwuU5HeS4Iuwuu.jpg,2026-03-04,False,False,8.162,2238
78,False,/8mnXR9rey5uQ08rZAvzojKWbDQS.jpg,"[16, 28, 12, 878]",324857,Spider-Man: Into the Spider-Verse,en,Spider-Man: Into the Spider-Verse,"Struggling to find his place in the world while juggling school and family, Brooklyn teenager Miles Morales is unexpectedly bitten by a radioactive spider and develops unfathomable powers just like the one and only Spider-Man. While wrestling with the implications of his new abilities, Miles discovers a super collider created by the madman Wilson ""Kingpin"" Fisk, causing others from across the Spider-Verse to be inadvertently transported to his dimension.",55.2947,/iiZZdoQBEYBv6id8su7ImL0oCbD.jpg,2018-12-06,False,False,8.398,17731
79,False,/dk68ykaNd3HdrDJyPJqEGsgvag7.jpg,"[28, 53, 80]",1630409,The Debt Collector,th,คนเดือดทวงแค้น,"Tormented by past mistakes and a terminal diagnosis, an ex-debt collector returns to the underworld to protect the victims of a violent organization.",53.653,/qADBUb5ybrkRVGZEFF8Z4RuOwys.jpg,2026-07-20,False,False,7.953,118
80,False,/4EAAwpylq313qrDqpCxulUrXBNF.jpg,"[28, 14, 12]",931285,Mortal Kombat II,en,Mortal Kombat II,"The fan favorite champions—now joined by Johnny Cage himself—are pitted against one another in the ultimate, no-holds barred, gory battle to defeat the dark rule of Shao Kahn that threatens the very existence of the Earthrealm and its defenders.",52.7101,/hwRdDFIhaEmpRgoki805YvyyjZf.jpg,2026-05-06,False,False,7.858,2448
81,False,/tSPT36ZKlP2WVHJLM4cQPLSzv3b.jpg,"[18, 80]",238,The Godfather,en,The Godfather,"Spanning the years 1945 to 1955, a chronicle of the fictional Italian-American Corleone crime family. When organized crime family patriarch, Vito Corleone barely survives an attempt on his life, his youngest son, Michael steps in to take care of the would-be killers, launching a campaign of bloody revenge.",59.2264,/3bhkrj58Vtu7enYsRolD1fZdja1.jpg,1972-03-14,False,False,8.686,23426
82,False,/by8z9Fe8y7p4jo2YlW2SZDnptyT.jpg,"[28, 35, 878]",533535,Deadpool & Wolverine,en,Deadpool & Wolverine,"A listless Wade Wilson toils away in civilian life with his days as the morally flexible mercenary, Deadpool, behind him. But when his homeworld faces an existential threat, Wade must reluctantly suit-up again with an even more reluctant Wolverine.",58.1767,/8cdWjvZQUExUUTzyp4t6EDMubfO.jpg,2024-07-24,False,False,7.586,9276
83,False,/a8uQvrplTkhGJQog6GZ6CqF8An6.jpg,"[35, 10751, 9648]",1301421,The Sheep Detectives,en,The Sheep Detectives,"George Hardy is a shepherd who reads detective novels to his beloved sheep every night, assuming they can't possibly understand. But when a mysterious incident disrupts life on the farm, the sheep realize they must become the detectives. As they follow the clues and investigate human suspects, they prove that even sheep can be brilliant crime-solvers.",54.0161,/iKy5460GdsoknM8ppmGlJbKxAKa.jpg,2026-04-30,False,False,7.943,1525
84,False,/9FE5eD92WfVCiivM9Pq9GVSrlWk.jpg,"[28, 80, 53]",155,The Dark Knight,en,The Dark Knight,"Batman raises the stakes in his war on crime. With the help of Lt. Jim Gordon and District Attorney Harvey Dent, Batman sets out to dismantle the remaining criminal organizations that plague the streets. The partnership proves to be effective, but they soon find themselves prey to a reign of chaos unleashed by a rising criminal mastermind known to the terrified citizens of Gotham as the Joker.",58.0882,/qJ2tW6WMUDux911r6m7haRef0WH.jpg,2008-07-16,False,False,8.534,36506
85,False,/4BtL2vvEufDXDP4u6xQjjQ1Y2aT.jpg,"[28, 80, 18, 53]",1419406,The Shadow's Edge,zh,捕风追影,Macau Police brings the tracking expert police officer out of retirement to help catch a dangerous group of professional thieves.,54.7101,/cHKo3m8N1fwvEy2ZEr0xGmmMODV.jpg,2025-08-16,False,False,8.136,1266
86,False,,[18],89657,Country Hooker,en,Country Hooker,"A couple of musicians are on their way to a show at a country bar. Along the way, they pick up a couple of sexy hitchhiking ladies and decide to pull over for a pitstop. Eventually, they make it to the bar and uncover that the deep voiced country singer that also plays there is also a pimp who uses the ""waitresses"" to make him some extra cash. It is up to our musician heroes to put an end to the singer and his operation.",36.0083,/xNb6s2uCSv7PnLyNyqAGAmmI3Fk.jpg,1974-10-04,False,False,3.9,7
87,False,/ce3prrjh9ZehEl5JinNqr4jIeaB.jpg,"[28, 53, 878]",822119,Captain America: Brave New World,en,Captain America: Brave New World,"After meeting with newly elected U.S. President Thaddeus Ross, Sam finds himself in the middle of an international incident. He must discover the reason behind a nefarious global plot before the true mastermind has the entire world seeing red.",51.2908,/pzIddUEMWhWzfvLI3TwxUG2wGoi.jpg,2025-02-12,False,False,5.95,3327
88,False,/vamhMTvh9m9zFHDoR0v1nRtf6T4.jpg,"[28, 12, 878]",429617,Spider-Man: Far From Home,en,Spider-Man: Far From Home,"Peter Parker and his friends go on a summer trip to Europe. However, they will hardly be able to rest - Peter will have to agree to help Nick Fury uncover the mystery of creatures that cause natural disasters and destruction throughout the continent.",55.7893,/4q2NNj4S5dG2RLF9CpXsej7yXl.jpg,2019-06-28,False,False,7.394,17478
89,False,/xugEpZk9YQ0DIz1aFvH5HGkqpZK.jpg,"[27, 9648]",1304313,Lee Cronin's The Mummy,en,Lee Cronin's The Mummy,"The young daughter of a journalist disappears into the desert without a trace—eight years later, the broken family is shocked when she is returned to them, as what should be a joyful reunion turns into a living nightmare.",50.6329,/1q308iixueCU4pFtSYugNOevtNx.jpg,2026-04-15,False,False,7.894,2564
90,False,/J1UgJwRxDQS92kw75KgeVFZMHf.jpg,"[18, 35, 28]",1491920,Kung Fu Soccer,zh,功夫女足,"The ""Supreme Invincible Cup"" is about to begin, and a host of top teams are about to engage in an unprecedented showdown! But the Kung Fu Women's Soccer Team has been dealt a hellish script right from the start?! Their opponents are all highly skilled, and external pressure is mounting. The schemes on the field are one after another... Can they use their kung fu to turn the tide on the green field?",46.3571,/6QgJQrClh9ej357yzLWgCxrjAmJ.jpg,2026-07-11,False,False,6.4,24
91,False,/uOQtyMV2G9yJvc0s14zmLoRC5H9.jpg,"[878, 28, 14]",1698856,Master of the Universe,en,Master of the Universe,"A young man must use his untapped powers to fight back against an evil alien and their army, who will stop at nothing to take over Earth and then the universe.",47.8195,/a77OcLmarwiBJakOPPC36m58t4L.jpg,2026-05-22,False,False,5.032,78
92,False,/kIBK5SKwgqIIuRKhhWrJn3XkbPq.jpg,"[28, 12, 878]",99861,Avengers: Age of Ultron,en,Avengers: Age of Ultron,"When Tony Stark tries to jumpstart a dormant peacekeeping program, things go awry and Earth’s Mightiest Heroes are put to the ultimate test as the fate of the planet hangs in the balance. As the villainous Ultron emerges, it is up to The Avengers to stop him from enacting his terrible plans, and soon uneasy alliances and unexpected action pave the way for an epic and unique global adventure.",53.8952,/4ssDuvEDkSArWEdyBl2X5EHvYKU.jpg,2015-04-22,False,False,7.276,24890
93,False,/sd0RKOpnqESIWxU3sZwZhBsgAHl.jpg,"[18, 10749]",1408162,Vishwanath & Sons,ta,விஸ்வநாத் & சன்ஸ்,"Sanjay Vishwanath is an acclaimed professional handgunner in his 40s with a major stake in fame and wealth. When he comes across a woman named Maddy in her 20s, their dynamic poses many issues that they must come to terms with.",48.4912,/adDZVEQZnMJ380zPOmVj6vBWHgk.jpg,2026-08-14,False,False,8.188,8
94,False,/vP7YFt9pP8NPCg4PMBAHO5ILdrQ.jpg,"[28, 53]",44980,Zero Woman 2,ja,Zero WOMAN ＩＩ　警視庁０課の女,"When a valuable suitcase is stolen, the mob, petty criminals, and a beautiful agent from the Elite Zero division are pulled into a battle to settle the score.",42.1141,/sQHeDjwmBQba8E51Mkp5dvgkzeZ.jpg,1995-09-05,False,False,5.0,8
95,False,/FfAU0PUs8AJkMU2VbkVNFtRXR4.jpg,"[28, 12, 878]",559,Spider-Man 3,en,Spider-Man 3,"The seemingly invincible Spider-Man goes up against an all-new crop of villains—including the shape-shifting Sandman. While Spider-Man’s superpowers are altered by an alien organism, his alter ego, Peter Parker, deals with nemesis Eddie Brock and also gets caught up in a love triangle.",51.3299,/sJMTTGjtjvrMZ7G0oP9D13wNUum.jpg,2007-05-01,False,False,6.477,15648
96,False,/6OhBOptyHaZSV6445UDUhLaDZ5P.jpg,"[80, 18]",53653,Prison on Fire,cn,監獄風雲,A veteran inmate takes a newcomer under his wing as the pair confront both other violent inmates and the prison's corrupt wardens.,51.1361,/59o7OyB8J37GwOAod9mhgJjhgH2.jpg,1987-11-13,False,False,7.0,109
97,False,/tK3QdOOrX4qEkmSlvrmc8cK7iOU.jpg,"[27, 35, 53]",1393326,Ghost in the Cell,id,Hantu Dalam Sel,"In a notorious prison, an invisible force begins killing inmates brutally, compelling enemy gangs and corrupt guards to work together as they try to survive the mounting bloodshed.",46.9398,/gF6Ijrq5bixh4qemCuroRwXtbBc.jpg,2026-04-16,False,False,7.283,30
98,False,/l8RKevhGpFOBxm356ODFhvG3naw.jpg,"[10749, 35]",353208,Black Maid,it,La cameriera nera,"Major Galeazzo, Chancellor Enea, the goalkeeper Placido, journalist Antenor and others living in a building of the city. All are drawn to the morbid fascination of Mariolina, exuberant waitress Venetian. But soon Aminta, maid of color, dispossess irreparably.",29.9004,/daiXaADJedcAKRhiJuZSow3RI6k.jpg,1976-03-06,False,False,4.556,9
99,False,/s94NjfKkcSczZ1FembwmQZwsuwY.jpg,"[878, 12, 28]",617126,The Fantastic 4: First Steps,en,The Fantastic 4: First Steps,"Against the vibrant backdrop of a 1960s-inspired, retro-futuristic world, Marvel's First Family is forced to balance their roles as heroes with the strength of their family bond, while defending Earth from a ravenous space god called Galactus and his enigmatic Herald, Silver Surfer.",45.6184,/nf5qaSEvyYSNeFH0YhSs5EsBLX9.jpg,2025-07-23,False,False,6.95,3754
100,False,/1ldfkNbf3joNG8mA6idXoEL1fZV.jpg,[27],1569947,The Priest: Thanksgiving Massacre,en,The Priest: Thanksgiving Massacre,"A family gather to spend Thanksgiving at an isolated cabin, unaware that the site has a horrific history of murder and cannibalism and that the Priest responsible did not rest in peace. Now they are on the menu for Thanksgiving dinner.",41.6727,/AiRySv62247N91mfCCAryACGNuv.jpg,2025-08-08,False,False,3.721,61
101,False,/s9kbcVd0PQCw2JPKo9C84ChP2x.jpg,"[27, 53, 10749]",1417285,The Stain,th,ราคี,"When Malee, a young woman with a dark past, is drawn by fate to an apartment where she must confront haunting memories from her childhood, she encounters Pran, a botanist, a tea blending master, and the founder of a Thai floral tea brand.",45.8551,/vPxVvwMduxySggqEyHpwQNtjbx6.jpg,2026-02-26,False,False,4.0,2
102,False,/cKvDv2LpwVEqbdXWoQl4XgGN6le.jpg,"[28, 878, 12]",1726,Iron Man,en,Iron Man,"After being held captive in an Afghan cave, billionaire engineer Tony Stark creates a unique weaponized suit of armor to fight evil.",46.0026,/78lPtwv72eTNqFW9COBYI0dWDJa.jpg,2008-04-30,False,False,7.663,28664
103,False,/82lM4GJ9uuNvNDOEpxFy77uv4Ak.jpg,"[28, 878, 12]",1242898,Predator: Badlands,en,Predator: Badlands,"Cast out from his clan, a young Predator finds an unlikely ally in a damaged android and embarks on a treacherous journey in search of the ultimate adversary.",45.306,/pHpq9yNUIo6aDoCXEBzjSolywgz.jpg,2025-11-05,False,False,7.827,3539
104,False,/vJb3fniB8E0JnSMr1tDyIsb6gPi.jpg,"[10402, 35, 18, 10770, 10749]",1493400,Camp Rock 3,en,Camp Rock 3,"When Connect 3 loses their opening act for a major reunion tour, they return to their beloved Camp Rock to discover the next big thing. As campers vie for the chance to open for their favorite band, tensions rise and friendships are tested - leading to unexpected alliances, revelations, and romances.",42.9158,/rS7byWK9cfPfdLeFNlRIaJxH9mN.jpg,2026-08-13,False,False,6.295,95
105,False,/quAHqi4zBrB5fIfHvgrqiG4xzAC.jpg,"[878, 12, 53]",1384216,The Dog Stars,en,The Dog Stars,"After the world's population has been ravaged by a pandemic, a man lives a lonesome existence in a Colorado airplane hangar with his dog and a dour gunman he has befriended. When a mysterious transmission comes through on the radio while he’s flying his old Cessna, it sparks a hunt for the provenance of the sound.",44.9791,/yQBfTOqJdS4SMayBIcaXw2JUnI9.jpg,2026-08-26,False,False,6.9,7
106,False,/ruXhaYwgUGAzpLN3GfbG032ETaw.jpg,[18],299710,Being 14,fr,À 14 ans,"The lives and turbulent adventures of a bunch of fourteen-year-old teenagers, through the eyes of three young girls - Sarah, Jade and Louise - with one last year to go before high school.",39.5981,/l8st7M90EBpGz5CpL12SFvswc56.jpg,2015-02-25,False,False,4.1,65
107,False,/90Vx3KpCXR2D9iVdxJpkjeYBq9P.jpg,[27],1510795,"Shake, Rattle & Roll: Evil Origins",tl,"Shake, Rattle & Roll: Evil Origins","In 1775 during the Spanish colonial period in the Philippines, nuns attempts to survive the night after an unknown evil was set free in their cloister. Meanwhile in 2025, a group of friends attend a Halloween masquerade ball which was attacked by a serial killer. Fast forward to the future in 2050, a post-apocalytic Philippines is ruled by the aswang.",39.7089,/2ayOQIh18qhJRoajoAxxGuZXry2.jpg,2026-06-05,False,False,5.737,19
108,False,/bwsGEeiEnKqsZ9vm3G82as8xUu7.jpg,"[35, 10749]",1418582,Here the Whole Time,pt,Quinze Dias,"An insecure teenager's vacation plans are ruined by an unexpected visitor: his neighbor and school crush who will spend two weeks sleeping at his house. The days that promised peace, tranquility and epic series marathons end up bringing a whirlwind of feelings and unresolved issues.",43.5975,/y3zqa6qmLz2C2bUImOgYs6JxDNT.jpg,2026-06-18,False,False,7.156,45
109,False,/neeNHeXjMF5fXoCJRsOmkNGC7q.jpg,"[18, 36]",872585,Oppenheimer,en,Oppenheimer,The story of J. Robert Oppenheimer's role in the development of the atomic bomb during World War II.,47.4551,/8Gxv8gSFCU0XGDykEGv7zR1n2ua.jpg,2023-07-19,False,False,8.022,12322
110,False,/uT895WNwm0aIJRtGizcQhrejWUo.jpg,"[28, 12, 878]",76341,Mad Max: Fury Road,en,Mad Max: Fury Road,"An apocalyptic story set in the furthest reaches of our planet, in a stark desert landscape where humanity is broken, and most everyone is crazed fighting for the necessities of life. Within this world exist two rebels on the run who just might be able to restore order.",61.1453,/ulcAi4dKpAjHwYGS08vNyx9H6I9.jpg,2015-05-13,False,False,7.636,24477
111,False,/zMwhWailP1WY7sb6AoE6b8ugoy.jpg,"[12, 16, 10751, 14]",1007757,Swapped,en,Swapped,"A small woodland creature and a majestic bird, two natural sworn enemies of the Valley, magically trade places and set off on an adventure of a lifetime to switch back. Their journey soon uncovers a greater threat—one that could endanger not only their species, but the entire valley they call home.",49.1292,/tHhxWxge06goXU6ZQH1hj7vK8Hd.jpg,2026-05-01,False,False,8.877,2130
112,False,/yzdMGn8IRHSGuV8AIzw19wkRU2W.jpg,"[35, 10402, 18]",1504358,Don't Say Good Luck,en,Don't Say Good Luck,Sophie Birenbaum is ready for the spotlight as the lead in her high school musical — until she's suddenly facing more drama at home than on the stage.,38.0849,/dgTKahWonzVLeN8Lm22WR2S7D0A.jpg,2026-08-13,False,False,7.1,68
113,False,/mWDdRXTivGE7aaY2vo1Ie0PfCX5.jpg,"[12, 14, 28]",120,The Lord of the Rings: The Fellowship of the Ring,en,The Lord of the Rings: The Fellowship of the Ring,"Young hobbit Frodo Baggins, after inheriting a mysterious ring from his uncle Bilbo, must leave his home in order to keep it from falling into the hands of its evil creator. Along the way, a fellowship is formed to protect the ringbearer and make sure that the ring arrives at its final destination: Mt. Doom, the only place where it can be destroyed.",42.2805,/6oom5QYQ2yQTMJIbnvbkBL9cHo6.jpg,2001-12-18,False,False,8.443,28197
114,False,/zNriRTr0kWwyaXPzdg1EIxf0BWk.jpg,"[878, 12, 28]",1234821,Jurassic World Rebirth,en,Jurassic World Rebirth,"Five years after the events of Jurassic World Dominion, covert operations expert Zora Bennett is contracted to lead a skilled team on a top-secret mission to secure genetic material from the world's three most massive dinosaurs. When Zora's operation intersects with a civilian family whose boating expedition was capsized, they all find themselves stranded on an island where they come face-to-face with a sinister, shocking discovery that's been hidden from the world for decades.",44.4932,/1RICxzeoNCAO5NpcRMIgg1XT6fm.jpg,2025-06-23,False,False,6.259,3683
115,False,/tlm8UkiQsitc8rSuIAscQDCnP8d.jpg,"[28, 878]",603,The Matrix,en,The Matrix,"Set in the 22nd century, The Matrix tells the story of a computer hacker who joins a group of underground insurgents fighting the vast and powerful computers who now rule the earth.",45.6557,/dXNAPwY7VrqMAo51EKhhCJfaGb5.jpg,1999-03-31,False,False,8.256,28562
116,False,/mQZJoIhTEkNhCYAqcHrQqhENLdu.jpg,"[10751, 16, 878, 12]",1184918,The Wild Robot,en,The Wild Robot,"After a shipwreck, an intelligent robot called Roz is stranded on an uninhabited island. To survive the harsh environment, Roz bonds with the island's animals and cares for an orphaned baby goose.",40.6468,/wTnV3PCVW5O92JMrFvvrRcV39RU.jpg,2024-09-12,False,False,8.307,6495
117,False,/zTnAnYIn0Iv3cn0ZHlzLhou3ybm.jpg,"[9648, 53]",1368166,The Housemaid,en,The Housemaid,"Trying to escape her past, Millie Calloway accepts a job as a live-in housemaid for the wealthy Nina and Andrew Winchester. But what begins as a dream job quickly unravels into something far more dangerous—a sexy, seductive game of secrets, scandal, and power.",39.8051,/cWsBscZzwu5brg9YjNkGewRUvJX.jpg,2025-12-18,False,False,7.273,2928
118,False,/rthMuZfFv4fqEU4JVbgSW9wQ8rs.jpg,"[28, 878, 12]",986056,Thunderbolts*,en,Thunderbolts*,"After finding themselves ensnared in a death trap, seven disillusioned castoffs must embark on a dangerous mission that will force them to confront the darkest corners of their pasts.",40.1028,/hqcexYHbiTBfDIdDWxrxPtVndBX.jpg,2025-04-30,False,False,7.304,3941
119,False,/k0hlAzTryCYX1O1LyC6P8tAa8s0.jpg,"[28, 12, 878]",102382,The Amazing Spider-Man 2,en,The Amazing Spider-Man 2,"For Peter Parker, life is busy. Between taking out the bad guys as Spider-Man and spending time with the person he loves, Gwen Stacy, high school graduation cannot come quickly enough. Peter has not forgotten about the promise he made to Gwen’s father to protect her by staying away, but that is a promise he cannot keep. Things will change for Peter when a new villain, Electro, emerges, an old friend, Harry Osborn, returns, and Peter uncovers new clues about his past.",40.7523,/dGjoPttcbKR5VWg1jQuNFB247KL.jpg,2014-04-16,False,False,6.558,14646
120,False,/3Rfvhy1Nl6sSGJwyjb0QiZzZYlB.jpg,"[10751, 35, 16, 12]",862,Toy Story,en,Toy Story,"Led by Woody, Andy's toys live happily in his room until Andy's birthday brings Buzz Lightyear onto the scene. Afraid of losing his place in Andy's heart, Woody plots against Buzz. But when circumstances separate Buzz and Woody from their owner, the duo eventually learns to put aside their differences.",39.5052,/uXDfjJbdP4ijW5hWSBrPrlKpxab.jpg,1995-11-22,False,False,7.988,20406
121,False,/qJ2KSHJhlFvASBMLbGuP7OFMaFg.jpg,"[53, 28, 80]",1413976,Citizen Vigilante,en,Citizen Vigilante,"A man takes justice into his own hands, hunting down criminals. His vigilante crusade makes him a social media star but puts him at odds with the local police chief.",40.975,/6LmJD3Wohe0g4U62wgi7RyJqfE4.jpg,2026-06-19,False,False,6.416,352
122,False,/a2PyqyjREwjnrjdJyJtHfSQOxyf.jpg,[18],1669051,Kesong Puti,tl,Kesong Puti,"Have a taste of VMX Newest Temptation Apphle Celso. Lena, a Kesong Puti vendor, meets a charming dairy supplier Manny. Their chemistry sparks a daring secret that transforms her humble cheese into their town’s obsession.",41.4762,/8zYU8hlKR5111IToxXvv5575tZG.jpg,2026-04-24,False,False,3.8,4
123,False,/wdwcOBMkt3zmPQuEMxB3FUtMio2.jpg,"[12, 28, 878]",271110,Captain America: Civil War,en,Captain America: Civil War,"Following the events of Age of Ultron, the collective governments of the world pass an act designed to regulate all superhuman activity. This polarizes opinion amongst the Avengers, causing two factions to side with Iron Man or Captain America, which causes an epic battle between former allies.",47.011,/rAGiXaUfPzY7CDEyNKUofk3Kw2e.jpg,2016-04-27,False,False,7.452,24447
124,False,/wyFJcodi5T9LJAeiE8Se7ScdOFj.jpg,"[10752, 28, 36]",652,Troy,en,Troy,"In year 1250 B.C. during the late Bronze age, two emerging nations begin to clash. Paris, the Trojan prince, convinces Helen, Queen of Sparta, to leave her husband Menelaus, and sail with him back to Troy. After Menelaus finds out that his wife was taken by the Trojans, he asks his brother Agamemnon to help him get her back. Agamemnon sees this as an opportunity for power. They set off with 1,000 ships holding 50,000 Greeks to Troy.",42.5329,/a07wLy4ONfpsjnBqMwhlWTJTcm.jpg,2004-05-13,False,False,7.189,11433
125,False,/yQy9Y3p5INwkfTuHSnzYnz4MCV3.jpg,"[35, 14, 10751]",1125257,Freakier Friday,en,Freakier Friday,"Years after Tess and Anna endured an identity crisis, Anna now has a daughter of her own and a soon-to-be stepdaughter. As they navigate the myriad challenges that come when two families merge, Tess and Anna discover lightning might indeed strike twice.",33.0209,/9wV65OmsjLAqBfDnYTkMPutXH8j.jpg,2025-08-06,False,False,6.773,789
126,False,/1XAC6RPT01UX9EQGy2JVn5c8pgy.jpg,"[12, 14]",671,Harry Potter and the Philosopher's Stone,en,Harry Potter and the Philosopher's Stone,"Harry Potter has lived under the stairs at his aunt and uncle's house his whole life. But on his 11th birthday, he learns he's a powerful wizard—with a place waiting for him at the Hogwarts School of Witchcraft and Wizardry. As he learns to harness his newfound powers with the help of the school's kindly headmaster, Harry uncovers the truth about his parents' deaths—and about the villain who's to blame.",45.1365,/wuMc08IPKEatf9rnMNXvIDxqP4W.jpg,2001-11-16,False,False,7.902,30076
127,False,/vbC0rzdrb7Ohc2TkbEbxtOABECe.jpg,"[35, 53, 18]",496243,Parasite,ko,기생충,"All unemployed, Ki-taek's family takes peculiar interest in the wealthy and glamorous Parks for their livelihood until they get entangled in an unexpected incident.",37.4677,/7IiTTgloJzvGI1TAYymCfbfl3vT.jpg,2019-05-30,False,False,8.491,21173
128,False,/rHnANzYUmV3WZw3n0yWOLiR3pen.jpg,"[53, 80]",976912,Graphic Desires,en,Graphic Desires,"When reclusive Franklin cheats on his partner with a mysterious girl he meets on a dating app, it becomes the start of a deadly obsession.",38.4375,/3BjLdTWRiHc1ISIZMFvToOmghOM.jpg,2023-08-31,False,False,6.911,146
129,False,/kJsPVzdyBrYHLomuNv5SJDXUQ2f.jpg,"[28, 12, 878]",76600,Avatar: The Way of Water,en,Avatar: The Way of Water,"Set more than a decade after the events of the first film, learn the story of the Sully family (Jake, Neytiri, and their kids), the trouble that follows them, the lengths they go to keep each other safe, the battles they fight to stay alive, and the tragedies they endure.",42.8566,/t6HIqrRAclMCA60NsSmeqe9RmNV.jpg,2022-12-14,False,False,7.587,14546
130,False,/tq3h43fZy0H80vzf47MAY7R9Mxo.jpg,"[16, 35, 10751]",1297842,GOAT,en,GOAT,"A small goat with big dreams gets a once-in-a-lifetime shot to join the pros and play roarball, a high-intensity, co-ed, full-contact sport dominated by the fastest, fiercest animals in the world.",38.8337,/wfuqMlaExcoYiUEvKfVpUTt1v4u.jpg,2026-02-11,False,False,8.076,1032
131,False,/hofnlIyF6bePkgQOpcuRWLvzf15.jpg,"[16, 10751, 14]",14836,Coraline,en,Coraline,"Wandering her rambling old house in her boring new town, 11-year-old Coraline discovers a hidden door to a strangely idealized version of her life. In order to stay in the fantasy, she must make a frighteningly real sacrifice.",41.5278,/4jeFXQYytChdZYE9JYO7Un87IlW.jpg,2009-02-05,False,False,7.932,9340
132,False,/2u7zbn8EudG6kLlBzUYqP8RyFU4.jpg,"[12, 14, 28]",122,The Lord of the Rings: The Return of the King,en,The Lord of the Rings: The Return of the King,"As armies mass for a final battle that will decide the fate of the world--and powerful, ancient forces of Light and Dark compete to determine the outcome--one member of the Fellowship of the Ring is revealed as the noble heir to the throne of the Kings of Men. Yet, the sole hope for triumph over evil lies with a brave hobbit, Frodo, who, accompanied by his loyal friend Sam and the hideous, wretched Gollum, ventures deep into the very dark heart of Mordor on his seemingly impossible quest to destroy the Ring of Power.​",43.8165,/rCzpDGLbOoPwLjy3OAm5NUPOTrC.jpg,2003-12-17,False,False,8.505,27182
133,False,/g7CHF8gTLGooTbP4GznIGwaqAGL.jpg,"[10751, 16, 10402, 12]",354912,Coco,en,Coco,"Despite his family’s baffling generations-old ban on music, Miguel dreams of becoming an accomplished musician like his idol, Ernesto de la Cruz. Desperate to prove his talent, Miguel finds himself in the stunning and colorful Land of the Dead following a mysterious chain of events. Along the way, he meets charming trickster Hector, and together, they set off on an extraordinary journey to unlock the real story behind Miguel's family history.",41.5658,/6Ryitt95xrO8KXuqRGm1fUuNwqF.jpg,2017-10-27,False,False,8.197,21306
134,False,/6yeVcxFR0j08vlv2OlL6zbewm4D.jpg,"[28, 878, 53]",1265609,War Machine,en,War Machine,"On one last grueling mission during Army Ranger training, a combat engineer must lead his unit in a fight against a giant otherworldly killing machine.",39.4559,/rFhKkXhk7ClU03jQ5rHIApJDwev.jpg,2026-02-12,False,False,7.453,2361
135,False,,"[80, 53, 27]",1193950,The Dollmaker,es,Encantador,"In a quiet village, charming young Tomás leads a simple life: caring for his mother, working at the video store and town clinic, and collecting dolls. As women begin disappearing, newly arrived Inspector Porter investigates.",32.877,/s7nDatJ7AiwiyzOd8hh9XXpJDOJ.jpg,2025-10-11,False,False,2.0,1
136,False,/2r8T8p4pNAoClk6OSgIrIpAubJI.jpg,"[18, 53]",1712439,Behind the Screens,th,เพื่อนรัก เพื่อนลับ,"Seven close friends reunite for a dinner gathering and decide to play a seemingly harmless game. Throughout the evening, every message, email, and phone call they receive must be shared openly with the group.",38.4947,/5XhXoKGzI2sLjDixWUUzVqDRnzt.jpg,2026-07-23,False,False,5.5,2
137,False,/c6OLXfKAk5BKeR6broC8pYiCquX.jpg,"[18, 53]",550,Fight Club,en,Fight Club,"A ticking-time-bomb insomniac and a slippery soap salesman channel primal male aggression into a shocking new form of therapy. Their concept catches on, with underground ""fight clubs"" forming in every town, until an eccentric gets in the way and ignites an out-of-control spiral toward oblivion.",37.4139,/jSziioSwPVrOy9Yow3XhWIBDjq1.jpg,1999-10-15,False,False,8.437,32710
138,False,/wJaqJIBZB8D5rPTwQDnGyhTX6RB.jpg,"[35, 10402]",1676318,Back to the 90s,de,Back to the 90s,"When a mysterious glitch sends a rising boyband back to 1995 - just days before the biggest showcase of their lives - the five friends race to reverse the time slip. But as unexpected connections form and the past pulls them in deeper, getting home means confronting what they're willing to leave behind - and who they truly are to each other.",38.2149,/2T0j25ofU6aUei6J6ek2hlTL1wc.jpg,2026-08-18,False,False,5.3,9
139,False,/jJ3SrQoGsCa6xMfbfgB19OazGwX.jpg,[99],1616131,A Child of My Own,es,Un hijo propio,"Desperate for a baby and burdened by family and societal expectations, a woman fakes a pregnancy and gets tangled in a crime.",40.4745,/4ALVUEb2PCIFDNCD88xTFJFCJ3q.jpg,2026-07-30,False,False,8.233,45
140,False,/i2GVEvltEu3BXn5crBSxgKuTaca.jpg,"[27, 53]",614479,Insidious: The Red Door,en,Insidious: The Red Door,"To put their demons to rest once and for all, Josh Lambert and a college-aged Dalton Lambert must go deeper into The Further than ever before, facing their family's dark past and a host of new and more horrifying terrors that lurk behind the red door.",45.4904,/d07phJqCx6z5wILDYqkyraorDPi.jpg,2023-07-05,False,False,6.508,2067
141,False,/jhk6D8pim3yaByu1801kMoxXFaX.jpg,"[28, 18, 12]",98,Gladiator,en,Gladiator,"After the death of Emperor Marcus Aurelius, his devious son takes power and demotes Maximus, one of Rome's most capable generals who Marcus preferred. Eventually, Maximus is forced to become a gladiator and battle to the death against other men for the amusement of paying audiences.",38.7371,/wN2xWp1eIwCKOD0BHTcErTBv1Uq.jpg,2000-05-04,False,False,8.23,21356
142,False,/3V4kLQg0kSqPLctI5ziYWabAZYF.jpg,"[878, 28, 12]",912649,Venom: The Last Dance,en,Venom: The Last Dance,"Eddie and Venom are on the run. Hunted by both of their worlds and with the net closing in, the duo are forced into a devastating decision that will bring the curtains down on Venom and Eddie's last dance.",37.5324,/vGXptEdgZIhPg3cGlc7e8sNPC2e.jpg,2024-10-22,False,False,6.673,4453
143,False,/hwg3vj8MAXM8WISFnvjJsXXLHdw.jpg,"[28, 878, 12]",1656061,Immortal Combat,en,Immortal Combat,"History's greatest warriors, including Genghis Khan and Joan of Arc, are summoned by a shadowy organization to fight in a battle to the death. But unknown to their captors, the fighters have been plotting to turn the tables and dismantle the deadly enterprise from within.",36.7849,/mhRAgvQ04DTE4zQN3OSyc9Lonj3.jpg,2026-04-24,False,False,4.6,20
144,False,/l9mFW9HQnAZ4r1ChZJHoOT3jaal.jpg,"[35, 12, 10751]",1204680,Coyote vs. Acme,en,Coyote vs. Acme,"After Acme products fail him one too many times in his dogged pursuit of the Roadrunner, Wile E. Coyote decides to hire a billboard lawyer to sue the Acme Corporation.",37.207,/orkLtdgMGiO9rTVMqJ1kKwrnup1.jpg,2026-08-20,False,False,7.545,11
145,False,/mwqxKmbW6ssqa5CKHrgocqbkL0C.jpg,"[37, 28, 18]",1404304,The Isolate Thief,en,The Isolate Thief,A young woman struggles to conceal the gold she stole from a group of violent outlaws who have seized control of her remote outpost.,34.1755,/gmmCh2BvTKp0YGT2FYG0eOQJELi.jpg,2026-07-10,False,False,7.324,17
146,False,/izkMjmhauFx9DjoBQqM5sM5WAwE.jpg,"[28, 53, 878]",280,Terminator 2: Judgment Day,en,Terminator 2: Judgment Day,"Ten years after the events of the original, a reprogrammed T-800 is sent back in time to protect young John Connor from the shape-shifting T-1000. Together with his mother Sarah, he fights to stop Skynet from triggering a nuclear apocalypse.",39.1022,/jFTVD4XoWQTcg7wdyJKa8PEds5q.jpg,1991-07-03,False,False,8.165,14714
147,False,/jPu8yiadqgzwFPGKJmGo637ASVP.jpg,"[878, 28, 12]",1724,The Incredible Hulk,en,The Incredible Hulk,"Scientist Bruce Banner scours the planet for an antidote to the unbridled force of rage within him: the Hulk. But when the military masterminds who dream of exploiting his powers force him back to civilization, he finds himself coming face to face with a new, deadly foe.",38.39,/gKzYx79y0AQTL4UAk1cBQJ3nvrm.jpg,2008-06-12,False,False,6.258,13051
148,False,/i9oyhCYxIYH2082J0Rc3a3jQjRB.jpg,"[27, 53]",91586,Insidious: Chapter 2,en,Insidious: Chapter 2,The haunted Lambert family seeks to uncover the mysterious childhood secret that has left them dangerously connected to the spirit world.,41.9499,/w5JjiB3O1CLDXbTJe1QpU5RHmlU.jpg,2013-09-12,False,False,6.694,4704
149,False,/suaEOtk1N1sgg2MTM7oZd2cfVp3.jpg,"[53, 80, 35]",680,Pulp Fiction,en,Pulp Fiction,"A burger-loving hit man, his philosophical partner, a drug-addled gangster's moll and a washed-up boxer converge in this sprawling, comedic crime caper. Their adventures unfurl in three stories that ingeniously trip back and forth in time.",38.3067,/vQWk5YBFWF4bZaofAbv0tShwBvQ.jpg,1994-09-10,False,False,8.481,30724
150,False,/1fpwEe2GvNjAq2MN2xxdifNZLBT.jpg,"[27, 53]",280092,Insidious: Chapter 3,en,Insidious: Chapter 3,A prequel set before the haunting of the Lambert family that reveals how gifted psychic Elise Rainier reluctantly agrees to use her ability to contact the dead in order to help a teenage girl who has been targeted by a dangerous supernatural entity.,41.8444,/iDdGfdNvY1EX0uDdA4Ru77fwMfc.jpg,2015-05-28,False,False,6.293,3721
151,False,/AaV1YIdWKnjAIAOe8UUKBFm327v.jpg,"[28, 18]",361743,Top Gun: Maverick,en,Top Gun: Maverick,"After more than thirty years of service as one of the Navy’s top aviators, and dodging the advancement in rank that would ground him, Pete “Maverick” Mitchell finds himself training a detachment of TOP GUN graduates for a specialized mission the likes of which no living pilot has ever seen.",37.589,/n0YuM4f5lvGAP6MAW2kBIzugXnc.jpg,2022-05-21,False,False,8.159,11420
152,False,/538U9snNc2fpnOmYXAPUh3zn31H.jpg,"[28, 53, 12]",575265,Mission: Impossible - The Final Reckoning,en,Mission: Impossible - The Final Reckoning,"Ethan Hunt and team continue their search for the terrifying AI known as the Entity — which has infiltrated intelligence networks all over the globe — with the world's governments and a mysterious ghost from Hunt's past on their trail. Joined by new allies and armed with the means to shut the Entity down for good, Hunt is in a race against time to prevent the world as we know it from changing forever.",38.371,/iKPsC9EFUafRP9SrUznI61getVP.jpg,2025-05-17,False,False,7.178,3075
153,False,/q1r0QUf4UVTqtkxOSMnTD8RyTaL.jpg,"[27, 53]",406563,Insidious: The Last Key,en,Insidious: The Last Key,"Parapsychologist Elise Rainier and her team travel to Five Keys, NM, to investigate a man’s claim of a haunting. Terror soon strikes when Rainier realizes that the house he lives in was her family’s old home.",43.5064,/6c9ti2JcR3dHyR3qFXoZqVMx0SH.jpg,2018-01-03,False,False,6.275,3239
154,False,/qcIKxhqGMIj8uujsSoSMZWr8QqU.jpg,"[28, 53]",1122573,In the Grey,en,In the Grey,"A covert team of elite operatives are living in the shadows. When a ruthless despot steals a billion-dollar fortune, they're sent to take it back—an impossible heist that erupts into a deadly game of strategy, deception and survival.",42.7892,/dQgIcW6Th08kMRf2HBoYWoFE6OD.jpg,2026-05-13,False,False,7.592,793
155,False,/vLmHH8jAy8Jq8uBsLucd3592WGh.jpg,"[28, 878, 35, 12]",284053,Thor: Ragnarok,en,Thor: Ragnarok,"Thor is imprisoned on the other side of the universe and finds himself in a race against time to get back to Asgard to stop Ragnarok, the destruction of his home-world and the end of Asgardian civilization, at the hands of a powerful new threat, the ruthless Hela.",33.0855,/rzRwTcFvttcN1ZpX2xv4j3tSdJu.jpg,2017-10-02,False,False,7.581,22384
156,False,/lv3TXqhpaIxkclIHbhN2MRMOemQ.jpg,"[14, 28, 12]",453395,Doctor Strange in the Multiverse of Madness,en,Doctor Strange in the Multiverse of Madness,"Doctor Strange, with the help of mystical allies both old and new, traverses the mind-bending and dangerous alternate realities of the Multiverse to confront a mysterious new adversary.",38.8057,/ddJcSKbcp4rKZTmuyWaMhuwcfMz.jpg,2022-05-04,False,False,7.225,10715
157,False,/eZ239CUp1d6OryZEBPnO2n87gMG.jpg,"[878, 12]",693134,Dune: Part Two,en,Dune: Part Two,"Follow the mythic journey of Paul Atreides as he unites with Chani and the Fremen while on a path of revenge against the conspirators who destroyed his family. Facing a choice between the love of his life and the fate of the known universe, Paul endeavors to prevent a terrible future only he can foresee.",35.8675,/6izwz7rsy95ARzTR3poZ8H6c5pp.jpg,2024-02-27,False,False,8.134,8439
158,False,/liVDJBzSplrboMCykKydhaaR215.jpg,"[18, 10749]",1497463,All That We Never Were,es,Todo lo que nunca fuimos,"19-year-old Leah navigates a coming-of-age journey in the wake of a tragic car accident that claims her parents. Relocated to a coastal town under the care of her brother’s best friend Axel, Leah grapples with grief, haunting nightmares and a fractured sense of self.",37.9488,/zqxIT48mWFsC4NSjGEHAcp1pjEo.jpg,2026-06-04,False,False,8.1,87
159,False,/jsoz1HlxczSuTx0mDl2h0lxy36l.jpg,"[14, 28, 35]",616037,Thor: Love and Thunder,en,Thor: Love and Thunder,"After his retirement is interrupted by Gorr the God Butcher, a galactic killer who seeks the extinction of the gods, Thor Odinson enlists the help of King Valkyrie, Korg, and ex-girlfriend Jane Foster, who now wields Mjolnir as the Mighty Thor. Together they embark upon a harrowing cosmic adventure to uncover the mystery of the God Butcher’s vengeance and stop him before it’s too late.",34.912,/pIkRyD18kl4FhoCNQuWxWu5cBLM.jpg,2022-07-06,False,False,6.359,8855
160,False,/jsoz1HlxczSuTx0mDl2h0lxy36l.jpg,"[14, 28, 35]",616037,Thor: Love and Thunder,en,Thor: Love and Thunder,"After his retirement is interrupted by Gorr the God Butcher, a galactic killer who seeks the extinction of the gods, Thor Odinson enlists the help of King Valkyrie, Korg, and ex-girlfriend Jane Foster, who now wields Mjolnir as the Mighty Thor. Together they embark upon a harrowing cosmic adventure to uncover the mystery of the God Butcher’s vengeance and stop him before it’s too late.",34.912,/pIkRyD18kl4FhoCNQuWxWu5cBLM.jpg,2022-07-06,False,False,6.359,8856
161,False,/eGX66zonvc4bXg3rM08RUxdYSDx.jpg,"[878, 12, 28]",1061474,Superman,en,Superman,"Superman, a journalist in Metropolis, embarks on a journey to reconcile his Kryptonian heritage with his human upbringing as Clark Kent.",33.9933,/ldyfo0BKmz5rWtJJKCvwaNS4cJT.jpg,2025-07-09,False,False,7.329,5333
162,False,/cbcpDn6XJaIGoOil1bKuskU8ds4.jpg,"[12, 14]",12445,Harry Potter and the Deathly Hallows: Part 2,en,Harry Potter and the Deathly Hallows: Part 2,"Harry, Ron and Hermione continue their quest to vanquish the evil Voldemort once and for all. Just as things begin to look hopeless for the young wizards, Harry discovers a trio of magical objects that endow him with powers to rival Voldemort's formidable skills.",36.0237,/c54HpQmuwXjHq2C9wmoACjxoom3.jpg,2011-07-12,False,False,8.08,22336
163,False,/amZavErrjrdgDwhsIdpWxHNenIx.jpg,"[14, 18, 80]",497,The Green Mile,en,The Green Mile,"A supernatural tale set on death row in a Southern prison, where gentle giant John Coffey possesses the mysterious power to heal people's ailments. When the cell block's head guard, Paul Edgecomb, recognizes Coffey's miraculous gift, he tries desperately to help stave off the condemned man's execution.",35.0009,/8VG8fDNiy50H4FedGwdSVUPoaJe.jpg,1999-12-10,False,False,8.506,19683
164,False,/1oKLEA9JOhvaBwLpqjROisvWMy7.jpg,"[10749, 35, 18]",1325734,The Drama,en,The Drama,A happily engaged couple is put to the test when an unexpected turn sends their wedding week off the rails.,35.0734,/rnIOUhzwJDfgQakx8EjoNyItKgs.jpg,2026-04-01,False,False,6.909,1636
165,False,/v3lNH2gCojWYXVuXcT9FZLBxcSq.jpg,"[28, 18]",1235877,Jana Nayagan,ta,ஜன நாயகன்,"A clash of ideologies. One stands for the people, the other feeds on control. Their paths collided once before. Years later, a child’s silent fear ignites the past, drawing a former police officer into a battle far bigger than personal revenge.",36.3158,/jt8pfSIdi47YpFMMWVRr8w5u2S0.jpg,2026-07-22,False,False,5.563,16
166,False,/gkh6Nt8DtY1XT4gQsyFq9XAVJlJ.jpg,"[18, 35]",350,The Devil Wears Prada,en,The Devil Wears Prada,"A young woman from the Midwest gets more than she bargained for when she moves to New York to become a writer and ends up as the assistant to the tyrannical, larger-than-life editor-in-chief of a major fashion magazine.",36.7179,/8912AsVuS7Sj915apArUFbv6F9L.jpg,2006-06-29,False,False,7.439,14140
167,False,/cz4vLJrmaV1zJlRYbxqtvLzeLWB.jpg,"[28, 35, 80, 9648]",1168190,The Wrecking Crew,en,The Wrecking Crew,"Estranged half-brothers Jonny and James reunite after their father's mysterious death. As they search for the truth, buried secrets reveal a conspiracy threatening to tear their family apart.",44.1853,/gbVwHl4YPSq6BcC92TQpe7qUTh6.jpg,2026-01-28,False,False,7.078,1227
168,False,/yUO84rpkNb4pSM9Ehh3sZYkaorP.jpg,[18],1719326,The Cheating Wife,tl,The Cheating Wife,"Two widows who find solace in each other and eventually fall in love. But when one of their supposedly dead husbands returns home blind, they are forced to hide their forbidden affair, testing the limits of love and loyalty.",36.1186,/3KVI4XvSTnGeUf5UriMN12uw4qj.jpg,2026-06-26,False,False,2.5,2
169,False,/tav8VVa6H6KooK5rFhAG2jT5ZNx.jpg,"[12, 18, 53]",390062,Jungle,en,Jungle,"In 1981, an enthusiastic young adventurer follows his dreams into the Bolivian Amazon jungle with two friends and a guide with a mysterious past. Their journey quickly turns into a terrifying ordeal as the darkest elements of human nature and the deadliest threats of the wilderness lead to an all-out fight for survival.",36.3047,/tDgxknTVwrScxpCYyGUjXSn5NRk.jpg,2017-06-27,False,False,6.703,2223
170,False,/q00H8EqULYSK74lgevMkhmGGLHn.jpg,"[16, 10751, 18]",8587,The Lion King,en,The Lion King,"Young lion prince Simba, eager to one day become king of the Pride Lands, grows up under the watchful eye of his father Mufasa; all the while his villainous uncle Scar conspires to take the throne for himself. Amid betrayal and tragedy, Simba must confront his past and find his rightful place in the Circle of Life.",32.1461,/sKCr78MXSLixwmZ8DyJLrpMsd15.jpg,1994-06-15,False,False,8.252,20043
171,False,/1stUIsjawROZxjiCMtqqXqgfZWC.jpg,"[12, 14]",672,Harry Potter and the Chamber of Secrets,en,Harry Potter and the Chamber of Secrets,"Cars fly, trees fight back, and a mysterious house-elf comes to warn Harry Potter at the start of his second year at Hogwarts. Adventure and danger await when bloody writing on a wall announces: The Chamber Of Secrets Has Been Opened. To save Hogwarts will require all of Harry, Ron and Hermione's magical abilities and courage.",35.0004,/sdEOH0992YZ0QSxgXNIGLq1ToUi.jpg,2002-11-13,False,False,7.706,23954
172,False,/5bzPWQ2dFUl2aZKkp7ILJVVkRed.jpg,"[12, 35, 878]",105,Back to the Future,en,Back to the Future,"Eighties teenager Marty McFly is accidentally sent back in time to 1955, inadvertently disrupting his parents' first meeting and attracting his mother's romantic interest. Marty must repair the damage to history by rekindling his parents' romance and - with the help of his eccentric inventor friend Doc Brown - return to 1985.",34.6209,/vN5B5WgYscRGcQpVhHl6p9DDTP0.jpg,1985-07-03,False,False,8.329,22255
173,False,/w3Bi0wygeFQctn6AqFTwhGNXRwL.jpg,"[14, 10402, 35, 16]",803796,KPop Demon Hunters,en,KPop Demon Hunters,"When K-pop superstars Rumi, Mira and Zoey aren't selling out stadiums, they're using their secret powers to protect their fans from supernatural threats.",36.4919,/zT7Lhw3BhJbMkRqm9Zlx2YGMsY0.jpg,2025-06-20,False,False,8.004,3137
174,False,/xnHVX37XZEp33hhCbYlQFq7ux1J.jpg,"[18, 10749]",597,Titanic,en,Titanic,"101-year-old Rose DeWitt Bukater tells the story of her life aboard the Titanic, 84 years later. A young Rose boards the ship with her mother and fiancé. Meanwhile, Jack Dawson and Fabrizio De Rossi win third-class tickets aboard the ship. Rose tells the whole story from Titanic's departure through to its death—on its first and last voyage—on April 15, 1912.",39.4279,/9xjZS2rlVxm8SFx8kPC3aIGCOYQ.jpg,1997-12-18,False,False,7.9,27617
175,False,/5YZbUmjbMa3ClvSW1Wj3D6XGolb.jpg,"[878, 12, 28]",447365,Guardians of the Galaxy Vol. 3,en,Guardians of the Galaxy Vol. 3,"Peter Quill, still reeling from the loss of Gamora, must rally his team around him to defend the universe along with protecting one of their own. A mission that, if not completed successfully, could quite possibly lead to the end of the Guardians as we know them.",39.3449,/r2J02Z2OpNTctfOSN1Ydgii51I3.jpg,2023-05-03,False,False,7.9,8705
176,False,/hS4FcOM5y71FurkBQgDLTBxmWZh.jpg,"[878, 27, 53]",1469342,Her Private Hell,en,Her Private Hell,"When a mysterious mist engulfs a futuristic metropolis, unleashing a deadly and elusive entity, a troubled young woman searches for her father. Her quest collides with an American GI on a harrowing odyssey to rescue his daughter from Hell.",33.4259,/kiFacg75KVjy0AM3S4QmbPas8zL.jpg,2026-07-23,False,False,5.2,49
177,False,/uAfhsySkr1UzQg1zdg3dZQRz9Fd.jpg,"[16, 10751, 35]",10193,Toy Story 3,en,Toy Story 3,"Woody, Buzz, and the rest of Andy's toys haven't been played with in years. With Andy about to go to college, the gang find themselves accidentally left at a nefarious day care center. The toys must band together to escape and return home to Andy.",30.9107,/AbbXspMOwdvwWZgVN0nabZq03Ec.jpg,2010-06-16,False,False,7.816,16119
178,False,/ecKQlAEG95k62SMGhvX83oEqANK.jpg,"[27, 53]",138843,The Conjuring,en,The Conjuring,"Paranormal investigators Ed and Lorraine Warren work to help a family terrorized by a dark presence in their farmhouse. Forced to confront a powerful entity, the Warrens find themselves caught in the most terrifying case of their lives.",32.4544,/wVYREutTvI2tmxr6ujrHT704wGF.jpg,2013-07-18,False,False,7.541,12988
179,False,/lkDYN0whyE82mcM20rwtwjbniKF.jpg,"[28, 18]",911430,F1,en,F1,Racing legend Sonny Hayes is coaxed out of retirement to lead a struggling Formula 1 team—and mentor a young hotshot driver—while chasing one more chance at glory.,32.5416,/9PXZIUsSDh4alB80jheWX4fhZmy.jpg,2025-06-25,False,False,7.824,4535
180,False,/oZJQZQ8BHgeq5YHcAbshMlmJvWX.jpg,[18],1723013,Hibla 2,tl,Hibla 2,"Two VMX queens, Aliya Raymundo and Margaret Diaz, play reunited childhood friends who share a memorable past and a complicated present: one is a liberated city girl, the other a sheltered country virgin, and both are surrounded by men eager to get a taste of their youth.",39.8191,/drDsk2ES8YvWFwgWaY9foKaE5xv.jpg,2026-06-30,False,False,3.0,1
181,False,/sTQNRqLbfCXolrb5CizAW1dj528.jpg,"[878, 14, 28]",246655,X-Men: Apocalypse,en,X-Men: Apocalypse,"After the re-emergence of the world's first mutant, world-destroyer Apocalypse, the X-Men must unite to defeat his extinction level plan.",31.4026,/ikA8UhYdTGpqbatFa93nIf6noSr.jpg,2016-05-18,False,False,6.527,14027
182,False,/66Kn4XWhkuPkJxOJyPEx4U2CUfN.jpg,"[35, 18, 10749]",13,Forrest Gump,en,Forrest Gump,"A man with a low IQ has accomplished great things in his life and been present during significant historic events—in each case, far exceeding what anyone imagined he could do. But despite all he has achieved, his one true love eludes him.",36.058,/Cw4hIUIAmSYfK9QfaUW5igp9La.jpg,1994-06-23,False,False,8.463,30301
183,False,/jlGmlFOcfo8n5tURmhC7YVd4Iyy.jpg,"[28, 35, 12]",436969,The Suicide Squad,en,The Suicide Squad,"Supervillains Harley Quinn, Bloodsport, Peacemaker and a collection of nutty cons at Belle Reve prison join the super-secret, super-shady Task Force X as they are dropped off at the remote, enemy-infused island of Corto Maltese.",29.4436,/q61qEyssk2ku3okWICKArlAdhBn.jpg,2021-07-28,False,False,7.451,9820
184,False,/sDTnMOJ3H5wI38OxObmCtK7wfd5.jpg,"[16, 35, 10751, 14]",585,"Monsters, Inc.",en,"Monsters, Inc.","Lovable Sulley and his wisecracking sidekick Mike Wazowski are the top scare team at Monsters, Inc., the scream-processing factory in Monstropolis. When a little girl named Boo wanders into their world, it's the monsters who are scared silly, and it's up to Sulley and Mike to keep her out of sight and get her back home.",32.9206,/wFSpyMsp7H0ttERbxY7Trlv8xry.jpg,2001-11-01,False,False,7.856,20146
185,False,/y2DB71C4nyIdMrANijz8mzvQtk6.jpg,"[28, 80, 18, 53]",49026,The Dark Knight Rises,en,The Dark Knight Rises,"Following the death of District Attorney Harvey Dent, Batman assumes responsibility for Dent's crimes to protect the late attorney's reputation and is subsequently hunted by the Gotham City Police Department. Eight years later, Batman encounters the mysterious Selina Kyle and the villainous Bane, a new terrorist leader who overwhelms Gotham's finest. The Dark Knight resurfaces to protect a city that has branded him an enemy.",40.3862,/hr0L2aueqlP2BYUblTTjmtn0hw4.jpg,2012-07-17,False,False,7.797,24802
186,False,/5QEOy0QEpad9QsXeMxuGHPXMale.jpg,"[28, 12, 14]",76338,Thor: The Dark World,en,Thor: The Dark World,"Thor fights to restore order across the cosmos… but an ancient race led by the vengeful Malekith returns to plunge the universe back into darkness. Faced with an enemy that even Odin and Asgard cannot withstand, Thor must embark on his most perilous and personal journey yet, one that will reunite him with Jane Foster and force him to sacrifice everything to save us all.",31.34,/wp6OxE4poJ4G7c0U2ZIXasTSMR7.jpg,2013-10-30,False,False,6.51,18639
187,False,/vcrgU0KaNj5mKUCIQSUdiQwTE9y.jpg,"[12, 14]",12444,Harry Potter and the Deathly Hallows: Part 1,en,Harry Potter and the Deathly Hallows: Part 1,"Harry, Ron and Hermione walk away from their last year at Hogwarts to find and destroy the remaining Horcruxes, putting an end to Voldemort's bid for immortality. But with Harry's beloved Dumbledore dead and Voldemort's unscrupulous Death Eaters on the loose, the world is more dangerous than ever.",37.3708,/iGoXIpQb7Pot00EEdwpwPajheZ5.jpg,2010-11-17,False,False,7.732,20702
188,False,/h3HsfV8Kn9Sz2QWUYYdP5ya23hx.jpg,"[878, 12]",438631,Dune,en,Dune,"Paul Atreides, a brilliant and gifted young man born into a great destiny beyond his understanding, must travel to the most dangerous planet in the universe to ensure the future of his family and his people. As malevolent forces explode into conflict over the planet's exclusive supply of the most precious resource in existence - a commodity capable of unlocking humanity's greatest potential - only those who can conquer their fear will survive.",34.6943,/v1tRXZ4JtD2Iv6fjkPvT4GiwslV.jpg,2021-09-15,False,False,7.784,15412
189,False,/7Nwnmyzrtd0FkcRyPqmdzTPppQa.jpg,"[80, 18, 35]",106646,The Wolf of Wall Street,en,The Wolf of Wall Street,"A New York stockbroker refuses to cooperate in a large securities fraud case involving corruption on Wall Street, corporate banking world and mob infiltration. Based on Jordan Belfort's autobiography.",38.4767,/kW9LmvYHAaS9iA0tHmZVq8hQYoq.jpg,2013-12-25,False,False,8.027,26385
190,False,/7lmBufEG7P7Y1HClYK3gCxYrkgS.jpg,"[12, 28, 878]",10138,Iron Man 2,en,Iron Man 2,"With the world now aware of his dual life as the armored superhero Iron Man, billionaire inventor Tony Stark faces pressure from the government, the press and the public to share his technology with the military. Unwilling to let go of his invention, Stark, with Pepper Potts and James 'Rhodey' Rhodes at his side, must forge new alliances – and confront powerful enemies.",33.7784,/6WBeq4fCfn7AN0o21W9qNcRF2l9.jpg,2010-04-28,False,False,6.855,22795
191,False,/9n2tJBplPbgR2ca05hS5CKXwP2c.jpg,"[10751, 35, 12, 14, 16]",502356,The Super Mario Bros. Movie,en,The Super Mario Bros. Movie,"While working underground to fix a water main, Brooklyn plumbers—and brothers—Mario and Luigi are transported down a mysterious pipe and wander into a magical new world. But when the brothers are separated, Mario embarks on an epic quest to find Luigi.",32.3233,/qNBAXBIQlnOThrVvA6mA2B5ggV6.jpg,2023-04-05,False,False,7.596,11060
192,False,/4s2d3xdyqotiVNHTlTlJjrr3q0H.jpg,"[12, 10751, 16, 28, 35]",177572,Big Hero 6,en,Big Hero 6,"A special bond develops between plus-sized inflatable robot Baymax, and prodigy Hiro Hamada, who team up with a group of friends to form a band of high-tech heroes.",32.7038,/2mxS4wUimwlLmI1xp6QW6NSU361.jpg,2014-10-24,False,False,7.726,16856
193,False,/kkoiH8ZWxJ9WSAjOadGtuHUQxbm.jpg,"[14, 12, 28]",284052,Doctor Strange,en,Doctor Strange,"After his career is destroyed, a brilliant but arrogant surgeon gets a new lease on life when a sorcerer takes him under her wing and trains him to defend the world against evil.",28.2754,/uGBVj3bEbCoZbDjjl9wTxcygko1.jpg,2016-10-25,False,False,7.425,23799
194,False,/3TwUt1vUmbPaUMJSm7luCbDABTB.jpg,"[12, 16, 35]",1598766,Crayon Shin-chan the Movie: Very Bizarre! My Yokai Vacation,ja,クレヨンしんちゃん 奇々怪々！オラの妖怪バケ～ション,"Shin-chan and his family visit his father's home town of Akita in order to view the Omagari Fireworks Festival. When a strange incident to causes the residents of “Yokai Land” to begin running wild throughout Akita and the rest of Japan, Shin-chan and company are lured to “Yokai Land” for an unusual adventure.",37.1805,/15iwqqJVgFfeFh4Y1f8gg9yi2Fw.jpg,2026-07-31,False,False,0.0,0
195,False,/vL5LR6WdxWPjLPFRLe133jXWsh5.jpg,"[878, 28, 12]",19995,Avatar,en,Avatar,"In the 22nd century, a paraplegic Marine is dispatched to the moon Pandora on a unique mission, but becomes torn between following orders and protecting an alien civilization.",41.1839,/gKY6q7SjCkAU6FqvqWybDYgUKIF.jpg,2009-12-16,False,False,7.609,34520
196,False,/qlfqDJ9Piv5ufzYA8j2319mwKZU.jpg,"[14, 10770, 10751, 12]",1318621,Descendants: Wicked Wonderland,en,Descendants: Wicked Wonderland,"Now that the Queen of Hearts is nice and Cinderella is safe, things seem perfect for Red and Chloe… But little do they know that changing the past created a new villain — Maddox Hatter. When Maddox captures the Queen of Hearts, Red and Chloe must work alongside Red’s new sister Pink, Luisa Madrigal’s son Luis, and Maddox’s son Max to save her and Wonderland.",33.6806,/xdhLAADGSse8KCrsDLBuM5b68Cg.jpg,2026-07-16,False,False,7.568,162
197,False,/95ckrV6wQgbffurAVmETQ5YKASL.jpg,"[10752, 18, 28]",228150,Fury,en,Fury,"April, 1945. As the Allies make their final push in the European Theater, a battle-hardened army sergeant commands a Sherman tank with a five-man crew on a deadly mission behind enemy lines.",29.8857,/pfte7wdMobMF4CVHuOxyu6oqeeA.jpg,2014-10-15,False,False,7.547,13162
198,False,/fx2cEuadZK28VHKkc0F1nFR96i0.jpg,"[27, 35]",1266127,Ready or Not: Here I Come,en,Ready or Not: Here I Come,"Moments after surviving an all-out attack from the Le Domas family, Grace discovers she’s reached the next level of the nightmarish game — and this time with her estranged sister Faith at her side. Grace has one chance to survive, keep her sister alive, and claim the High Seat of the Council that controls the world. Four rival families are hunting her for the throne, and whoever wins rules it all.",31.212,/13ZcJzSGEqVgDSqsS9U5EkQwPkV.jpg,2026-03-19,False,False,7.569,1540
199,False,/p5ozvmdgsmbWe0H8Xk7Rc8SCwAB.jpg,"[16, 12, 35, 10751]",1022789,Inside Out 2,en,Inside Out 2,"Teenager Riley's mind headquarters is undergoing a sudden demolition to make room for something entirely unexpected: new Emotions! Joy, Sadness, Anger, Fear and Disgust, who’ve long been running a successful operation by all accounts, aren’t sure how to feel when Anxiety shows up. And it looks like she’s not alone.",30.0825,/vpnVM9B6NMmQpWeZvzLvDESb2QY.jpg,2024-06-11,False,False,7.541,6919
200,False,/uRNgkJSkNBFbbn9fPsEjDIy8Sh3.jpg,"[12, 14, 28]",22,Pirates of the Caribbean: The Curse of the Black Pearl,en,Pirates of the Caribbean: The Curse of the Black Pearl,"When wily pirate Captain Barbossa seizes Jack Sparrow’s beloved ship, the Black Pearl, and kidnaps the governor’s daughter, Elizabeth Swann, blacksmith Will Turner reluctantly teams up with the unpredictable pirate Jack to rescue her—only to uncover a terrifying curse that turns Barbossa’s crew into the undead.",30.9001,/poHwCZeWzJCShH7tOjg8RIoyjcw.jpg,2003-07-09,False,False,7.833,22656
201,False,/i5H7zusQGsysGQ8i6P361Vnr0n2.jpg,"[80, 9648, 53]",807,Se7en,en,Se7en,"Two homicide detectives are on a desperate hunt for a serial killer whose crimes are based on the ""seven deadly sins"" in this dark and haunting film that takes viewers from the tortured remains of one victim to the next. The seasoned Det. Somerset researches each sin in an effort to get inside the killer's mind, while his novice partner, Mills, scoffs at his efforts to unravel the case.",33.5612,/191nKfP0ehp3uIvWqgPbFmI4lv9.jpg,1995-09-22,False,False,8.38,23634
202,False,/en971MEXui9diirXlogOrPKmsEn.jpg,"[28, 12, 35]",293660,Deadpool,en,Deadpool,"The origin story of former Special Forces operative turned mercenary Wade Wilson, who, after being subjected to a rogue experiment that leaves him with accelerated healing powers, adopts the alter ego Deadpool. Armed with his new abilities and a dark, twisted sense of humor, Deadpool hunts down the man who nearly destroyed his life.",29.5164,/3E53WEZJqP6aM84D8CckXx4pIHw.jpg,2016-02-09,False,False,7.626,33181
203,False,/iyJc33L3SCOkNrt7lTHITcZtGkx.jpg,"[16, 14, 35, 12]",1732625,LEGO Disney Princess: Magical Mayhem,en,LEGO Disney Princess: Magical Mayhem,"During a heavy rainstorm, the Princess characters and their sidekick friends take in animals in need while enjoying a cozy day in their castle. But when the animals run amok, chaos erupts. Sleuthing reveals a mischievous villain behind it all, and with teamwork, quick thinking, and help from an unexpected friend, the Princess characters must restore order and save their home.",32.6939,/xNA3Ub2MsAvbyg1GlDrrUQI2Kru.jpg,2026-08-21,False,False,7.6,5
204,False,/h599fsP2Fb3pW4a8z0a41kBtkb6.jpg,"[80, 18, 10749]",393392,Modori River,ja,もどり川,"The story of Takeha, a free-spirited genius poet who lived through Taisho Romanticism, and the women who gave themselves over to his ambitions.",23.1678,/4EHBFyeBWN2N1llrZqyddMK8rsN.jpg,1983-04-16,False,False,5.7,3
205,False,/1OV7hau4D3rWGS5bu8sqBYeVpe.jpg,"[12, 14]",674,Harry Potter and the Goblet of Fire,en,Harry Potter and the Goblet of Fire,"When his name emerges from the Goblet of Fire, Harry Potter becomes a competitor in a grueling battle for glory among three wizarding schools. Signs of Voldemort's return emerge as Harry's friends help him prepare for the Triwizard Tournament.",34.631,/fECBtHlr0RB3foNHDiCBXeg9Bv9.jpg,2005-11-16,False,False,7.801,22534
206,False,/dyJvKsNs2KP8qQnAXbRwDjblViy.jpg,"[16, 10751, 14]",129,Spirited Away,ja,千と千尋の神隠し,"A young girl, Chihiro, becomes trapped in a strange new world of spirits. When her parents undergo a mysterious transformation, she must call upon the courage she never knew she had to free her family.",33.685,/39wmItIWsg5sZMyRUHLkWBcuVCM.jpg,2001-07-20,False,False,8.534,18769
207,False,/zpEWFNqoN8Qg1SzMMHmaGyOBTdW.jpg,"[53, 80, 35]",1054867,One Battle After Another,en,One Battle After Another,"Washed-up revolutionary Bob exists in a state of stoned paranoia, surviving off-grid with his spirited, self-reliant daughter, Willa. When his evil nemesis resurfaces after 16 years and she goes missing, the former radical scrambles to find her, father and daughter both battling the consequences of his past.",30.5376,/lbBWwxBht4JFP5PsuJ5onpMqugW.jpg,2025-09-23,False,False,7.335,4142
208,False,/3czpqXzFy5UcNuD1AubecRLWkwD.jpg,"[28, 12, 878]",127585,X-Men: Days of Future Past,en,X-Men: Days of Future Past,The ultimate X-Men ensemble fights a war for the survival of the species across two time periods as they join forces with their younger selves in an epic battle that must change the past – to save our future.,31.3889,/tYfijzolzgoMOtegh1Y7j2Enorg.jpg,2014-05-15,False,False,7.535,16565
209,False,/bVSOgrxasVJF6V71T7v2KfBRSzu.jpg,"[27, 878]",933260,The Substance,en,The Substance,"A fading celebrity decides to use a black market drug, a cell-replicating substance that temporarily creates a younger, better version of herself.",28.2803,/uYJvxMWMb9W4zIY3cbM50sj3dpC.jpg,2024-09-07,False,False,7.131,6368
210,False,/ce0RjYfcgzQeiT3PjaARWv5PVQO.jpg,"[27, 53]",1321008,Black Box,en,Black Box,"A routine domestic flight turns into the flight from hell through a series of inexplicable phenomena and raw terror. Surreal encounters blur the boundaries between reality and nightmare. Passengers fight against all the odds in an attempt to survive while combating bizarre technological malfunctions, accelerating supernatural events and alien influences.",29.5072,/x6dsUKxz8O5rD3lzayJgvFpW58s.jpg,2026-06-25,False,False,6.205,73
211,False,,"[18, 35]",448772,A Great Love,it,Un grande amore,Two couples meet at a spa when they realize their respective suites share a bathroom.,30.0686,/jZolzsQj3zPINjmGuNuIA6iZPZG.jpg,1995-01-01,False,False,5.0,5
212,False,/8OQbUnXkEFtTMAakP6dg7bRvvip.jpg,"[53, 27]",1430698,The Bay,en,The Bay,"Best friends Emma and Lani, attending a destination wedding in Thailand, find themselves trapped on a sinking tour boat in the heart of a tiger shark sanctuary.",30.5028,/8QQUI4J2zLv6f96TOjbz9dcg8bc.jpg,2026-07-02,False,False,5.7,25
213,False,/dd31qJxOarrHyGZwYsCzOjobQzP.jpg,"[28, 53]",1380291,Tom Clancy's Jack Ryan: Ghost War,en,Tom Clancy's Jack Ryan: Ghost War,"Jack Ryan is reluctantly pulled back into espionage when an international covert mission unravels a deadly conspiracy. Racing against time, he joins CIA allies Mike November & James Greer and sharp MI6 officer Emma Marlowe to battle a rogue black-ops unit in a high-stakes, deeply personal fight.",29.7458,/8ehYxUh5MWE41AeE9gkHE8DKzvB.jpg,2026-05-20,False,False,6.937,749
214,False,/kGzFbGhp99zva6oZODW5atUtnqi.jpg,"[18, 80]",240,The Godfather Part II,en,The Godfather Part II,"In the continuing saga of the Corleone crime family, a young Vito Corleone grows up in Sicily and in 1910s New York. In the 1950s, Michael Corleone attempts to expand the family business into Las Vegas, Hollywood and Cuba.",34.1691,/sSuQTCZwqKrNBNIsksO9IAUoWP9.jpg,1974-12-20,False,False,8.573,14235
215,False,/vDKRMZGFTKP9nQolzeSB1rB1w6p.jpg,"[18, 36, 10752]",324786,Hacksaw Ridge,en,Hacksaw Ridge,"WWII American Army Medic Desmond T. Doss, who served during the Battle of Okinawa, refuses to kill people and becomes the first Conscientious Objector in American history to receive the Congressional Medal of Honor.",30.1416,/fnOMP6mjmOmZwmlC1n0K7ivrzt1.jpg,2016-10-07,False,False,8.192,15193
216,False,/AoSZyb37ljMAxw0RdeQEBHKtgcc.jpg,"[10751, 16, 12, 35, 14]",330457,Frozen II,en,Frozen II,"Elsa, Anna, Kristoff and Olaf head far into the forest to learn the truth about an ancient mystery of their kingdom.",30.8366,/mINJaa34MtknCYl5AjtNJzWj8cD.jpg,2019-11-20,False,False,7.228,10426
217,False,/9nzfyiYbmTUXWC4B2kwjl4NAlqO.jpg,"[28, 53]",1318447,Apex,en,Apex,A grieving woman pushing her limits on a solo adventure in the Australian wild is ensnared in a twisted game with a cunning killer who thinks she's prey.,32.0512,/eTp7gSPkSF3Aw79mNx1NkBP1PZT.jpg,2026-04-24,False,False,6.895,1844
218,False,/2Nti3gYAX513wvhp8IiLL6ZDyOm.jpg,"[10751, 14, 35, 12]",950387,A Minecraft Movie,en,A Minecraft Movie,"Four misfits find themselves struggling with ordinary problems when they are suddenly pulled through a mysterious portal into the Overworld: a bizarre, cubic wonderland that thrives on imagination. To get back home, they'll have to master this world while embarking on a magical quest with an unexpected, expert crafter, Steve.",33.1233,/yFHHfHcUgGAxziP1C3lLt0q2T4s.jpg,2025-03-31,False,False,6.225,3242
219,False,/zb6fM1CX41D9rF9hdgclu0peUmy.jpg,"[18, 36, 10752]",424,Schindler's List,en,Schindler's List,The true story of how businessman Oskar Schindler saved over a thousand Jewish lives from the Nazis while they worked as slaves in his factory during World War II.,35.6167,/sF1U4EUQS8YHUYjNl3pMGNIQyr0.jpg,1993-12-15,False,False,8.569,17802
220,False,/zb6fM1CX41D9rF9hdgclu0peUmy.jpg,"[18, 36, 10752]",424,Schindler's List,en,Schindler's List,The true story of how businessman Oskar Schindler saved over a thousand Jewish lives from the Nazis while they worked as slaves in his factory during World War II.,35.6167,/sF1U4EUQS8YHUYjNl3pMGNIQyr0.jpg,1993-12-15,False,False,8.569,17802
221,False,/AmR3JG1VQVxU8TfAvljUhfSFUOx.jpg,"[27, 878]",348,Alien,en,Alien,"During its return to the earth, commercial spaceship Nostromo intercepts a distress signal from a distant planet. When a three-member team of the crew discovers a chamber containing thousands of eggs on the planet, a creature inside one of the eggs attacks an explorer. The entire crew is unaware of the impending nightmare set to descend upon them when the alien parasite planted inside its unfortunate host is birthed.",29.2629,/vfrQk5IPloGg1v9Rzbh2Eg3VGyM.jpg,1979-05-25,False,False,8.172,16733
222,False,/gqTz24ZRsCP6AKjARmEivY7m0cK.jpg,"[16, 28, 10749, 14]",1218925,Chainsaw Man - The Movie: Reze Arc,ja,劇場版 チェンソーマン レゼ篇,"In a brutal war between devils, hunters, and secret enemies, a mysterious girl named Reze has stepped into Denji's world, and he faces his deadliest battle yet, fueled by love in a world where survival knows no rules.",31.7212,/pHyxb2RV5wLlboAwm9ZJ9qTVEDw.jpg,2025-09-19,False,False,8.534,1138
223,False,/hhFz6ESazmE1viBqObcVAFYRWe6.jpg,"[18, 80, 53]",112929,School on Fire,cn,學校風雲,"A young schoolgirl, Yuen Fong becomes caught in a tragic stranglehold of triad activity after she testifies in court over a triad beating. When this news reaches the triad leader Brother Smart, Yuen Fong must pay him protection money for what she has done as events begin to escalate.",31.3609,/uTVfcol62NROZw2W2Q7ykbFgPQ.jpg,1988-08-20,False,False,7.3,32
224,False,/nv5wwZou159v5OC61i4ElR7OqyY.jpg,"[14, 16, 12]",4935,Howl's Moving Castle,ja,ハウルの動く城,"Sophie, a young milliner, is turned into an elderly woman by a witch who enters her shop and curses her. She encounters a wizard named Howl and gets caught up in his resistance to fighting for the king.",29.4637,/13kOl2v0nD2OLbVSHnHk8GUFEhO.jpg,2004-09-09,False,False,8.4,11344
225,False,/gNdLJU9TxrpGx4dkZidjys3fyy0.jpg,"[878, 18]",335984,Blade Runner 2049,en,Blade Runner 2049,"Thirty years after the events of the first film, a new blade runner, LAPD Officer K, unearths a long-buried secret that has the potential to plunge what's left of society into chaos. K's discovery leads him on a quest to find Rick Deckard, a former LAPD blade runner who has been missing for 30 years.",30.901,/gajva2L0rPYkEWjzgFlBXCAVBE5.jpg,2017-10-04,False,False,7.602,15553
226,False,/7Zx3wDG5bBtcfk8lcnCWDOLM4Y4.jpg,"[10751, 878, 35]",552524,Lilo & Stitch,en,Lilo & Stitch,The wildly funny and touching story of a lonely Hawaiian girl and the fugitive alien who helps to mend her broken family.,25.8052,/ckQzKpQJO4ZQDCN5evdpKcfm7Ys.jpg,2025-05-17,False,False,7.2,2260
227,False,/htmYEfH7TQgzsXHCnNXxmoYKQtL.jpg,"[12, 14]",673,Harry Potter and the Prisoner of Azkaban,en,Harry Potter and the Prisoner of Azkaban,Harry Potter's life is in danger once more as dangerous wizard Sirius Black has escaped from Azkaban Prison and is heading to Hogwarts.,32.4215,/aWxwnYoe8p2d2fcxOqtvAtJ72Rw.jpg,2004-05-31,False,False,8.01,23527
228,False,/hwNtEmmugU5Yd7hpfprNWI0DGIn.jpg,"[18, 53, 10752]",16869,Inglourious Basterds,en,Inglourious Basterds,"In Nazi-occupied France during World War II, a group of Jewish-American soldiers known as ""The Basterds"" are chosen specifically to spread fear throughout the Third Reich by scalping and brutally killing Nazis. The Basterds, lead by Lt. Aldo Raine soon cross paths with a French-Jewish teenage girl who runs a movie theater in Paris which is targeted by the soldiers.",33.6607,/aupnPtagH9JVBuMrGEanf4iqXEQ.jpg,2009-08-02,False,False,8.218,24637
229,False,/eCynaAOgYYiw5yN5lBwz3IxqvaW.jpg,"[16, 10751, 12]",12,Finding Nemo,en,Finding Nemo,"Nemo, an adventurous young clownfish, is unexpectedly taken from his Great Barrier Reef home to a dentist's office aquarium. It's up to his worrisome father Marlin and a friendly but forgetful fish Dory to bring Nemo home -- meeting vegetarian sharks, surfer dude turtles, hypnotic jellyfish, hungry seagulls, and more along the way.",27.8885,/eHuGQ10FUzK1mdOY69wF5pGgEf5.jpg,2003-05-30,False,False,7.821,20872
230,False,/bBiZN1epQTu3F8iFLBuMhc4TRzr.jpg,[18],10997,Farewell My Concubine,zh,霸王别姬,"In an epic tale of theater, gender, love and class, two Beijing opera actors navigate political turmoil as their friendship evolves over decades.",35.7498,/f54hNIiHNINw3JiUJB2XaQl5wCN.jpg,1993-01-01,False,False,7.9,701
231,False,/nAxGnGHOsfzufThz20zgmRwKur3.jpg,"[27, 28, 53]",1233413,Sinners,en,Sinners,"Trying to leave their troubled lives behind, twin brothers return to their hometown to start again, only to discover that an even greater evil is waiting to welcome them back.",29.7102,/fWPgbnt2LSqkQ6cdQc0SZN9CpLm.jpg,2025-04-16,False,False,7.509,5068
232,False,/g4wdPZlhVioK69H8Q0o9Id5QhNs.jpg,[53],1101412,Fall 2: Deadpoint,en,Fall 2: Deadpoint,"On a perilous climb across Thailand's Mount Kwan, two climbers become trapped thousands of feet above the ground, where vertigo-inducing heights, sheer exposure, and impossible odds turn every moment into a fight for survival.",28.3391,/p73G56bJGPa5y52cyqWscHR6NnN.jpg,2026-08-07,False,False,10.0,2
233,False,/oz4U9eA6ilYf1tyiVuGmkftdLac.jpg,"[18, 10749, 53]",1010581,My Fault,es,Culpa mía,"Noah must leave her city, boyfriend, and friends to move into William Leister's mansion, the flashy and wealthy husband of her mother Rafaela. As a proud and independent 17 year old, Noah resists living in a mansion surrounded by luxury. However, it is there where she meets Nick, her new stepbrother, and the clash of their strong personalities becomes evident from the very beginning.",32.5854,/w46Vw536HwNnEzOa7J24YH9DPRS.jpg,2023-06-08,False,False,7.726,4173
234,False,/4yWayBvwl9gHXaWrDrAslxjL7mh.jpg,"[14, 16, 10751]",408,Snow White and the Seven Dwarfs,en,Snow White and the Seven Dwarfs,"A beautiful girl, Snow White, takes refuge in the forest in the house of seven dwarfs to hide from her stepmother, the wicked Queen. The Queen is jealous because she wants to be known as ""the fairest in the land,"" and Snow White's beauty surpasses her own.",23.3857,/3VAHfuNb6Z7UiW12iYKANSPBl8m.jpg,1938-01-22,False,False,7.129,8084
235,False,/83H0C66AcvkwpG2738VCTHMY9uv.jpg,"[28, 12, 878]",505642,Black Panther: Wakanda Forever,en,Black Panther: Wakanda Forever,"Queen Ramonda, Shuri, M’Baku, Okoye and the Dora Milaje fight to protect their nation from intervening world powers in the wake of King T’Challa’s death.  As the Wakandans strive to embrace their next chapter, the heroes must band together with the help of War Dog Nakia and Everett Ross and forge a new path for the kingdom of Wakanda.",27.1923,/sv1xJUazXeYqALzczSZ3O6nkH75.jpg,2022-11-09,False,False,6.996,7703
236,False,/zOpe0eHsq0A2NvNyBbtT6sj53qV.jpg,"[28, 878, 35, 10751]",939243,Sonic the Hedgehog 3,en,Sonic the Hedgehog 3,"Sonic, Knuckles, and Tails reunite against a powerful new adversary, Shadow, a mysterious villain with powers unlike anything they have faced before. With their abilities outmatched in every way, Team Sonic must seek out an unlikely alliance in hopes of stopping Shadow and protecting the planet.",30.6913,/d8Ryb8AunYAuycVKDp5HpdWPKgC.jpg,2024-12-19,False,False,7.599,3420
237,False,/iVped1djsF0tvGkvnHbzsE3ZPTF.jpg,"[28, 12, 878]",68721,Iron Man 3,en,Iron Man 3,"When Tony Stark's world is torn apart by a formidable terrorist called the Mandarin, he starts an odyssey of rebuilding and retribution.",27.3329,/qhPtAc1TKbMPqNvcdXSOn9Bn7hZ.jpg,2013-04-18,False,False,6.933,23782
238,False,/IYUD7rAIXzBM91TT3Z5fILUS7n.jpg,"[80, 9648, 53]",414906,The Batman,en,The Batman,"In his second year of fighting crime, Batman uncovers corruption in Gotham City that connects to his own family while facing a serial killer known as the Riddler.",31.5495,/74xTEgt7R36Fpooo50r9T25onhq.jpg,2022-03-01,False,False,7.667,12389
239,False,/wQoe0j7ZDk7LWexC0XhwkK4brIb.jpg,"[12, 16, 10751, 35, 878]",278154,Ice Age: Collision Course,en,Ice Age: Collision Course,"Set after the events of Continental Drift, Scrat's epic pursuit of his elusive acorn catapults him outside of Earth, where he accidentally sets off a series of cosmic events that transform and threaten the planet. To save themselves from peril, Manny, Sid, Diego, and the rest of the herd leave their home and embark on a quest full of thrills and spills, highs and lows, laughter and adventure while traveling to exotic new lands and locations.",30.7455,/tFzUkdhPOForVrEfvxydXfPLrZR.jpg,2016-06-23,False,False,6.125,4957
240,False,/jQ6Vuxe1CEPMXTF7d0fZgdIBY8U.jpg,"[16, 35, 10751, 14]",2062,Ratatouille,en,Ratatouille,"Remy, a rat, possesses a palate far more refined than that of his fellow comrades. He aspires to become a chef, one who creates rather than scavenges. When fate leads him beneath one of Paris's finest restaurants, he forms an unusual alliance with a young kitchen worker to pursue his culinary ambitions. As his double life unfolds, Remy must navigate the suspicions of the calculating Head Chef Skinner, the disapproval of Remy’s own colony, and the foreboding presence of renowned food critic Anton Ego, whose judgment can make or break a chef's legacy.",26.5842,/t3vaWRPSf6WjDSamIkKDs1iQWna.jpg,2007-06-28,False,False,7.846,18837
241,False,/yUiXA68FfQeA8cRBhd0Ao0jIRZt.jpg,"[12, 28, 878]",11,Star Wars,en,Star Wars,Princess Leia is captured and held hostage by the evil Imperial forces in their effort to take over the galactic Empire. Venturesome Luke Skywalker and dashing captain Han Solo team together with the loveable robot duo R2-D2 and C-3PO to rescue the beautiful princess and restore peace and justice in the Empire.,30.0519,/fai0rspsNeJCS69wHNjOdWxcI7P.jpg,1977-05-25,False,False,8.207,22729
242,False,/bW93ycPSSi3Hxx1NvlMX5qm2mQu.jpg,"[878, 12, 28]",283995,Guardians of the Galaxy Vol. 2,en,Guardians of the Galaxy Vol. 2,The Guardians must fight to keep their newfound family together as they unravel the mysteries of Peter Quill's true parentage.,27.1914,/y4MBh0EjBlMuOzv9axM4qJlmhzz.jpg,2017-04-25,False,False,7.609,23320
243,False,/8x9iKH8kWA0zdkgNdpAew7OstYe.jpg,"[16, 10749, 18]",372058,Your Name.,ja,君の名は。,"High schoolers Mitsuha and Taki are complete strangers living separate lives. But one night, they suddenly switch places. Mitsuha wakes up in Taki’s body, and he in hers. This bizarre occurrence continues to happen randomly, and the two must adjust their lives around each other.",27.4775,/vfJFJPepRKapMd5G2ro7klIRysq.jpg,2016-07-01,False,False,8.485,12905
244,False,/6G73mNyooWAEQTpckPSnFxFoNmc.jpg,"[12, 14, 28]",121,The Lord of the Rings: The Two Towers,en,The Lord of the Rings: The Two Towers,"Frodo Baggins and the other members of the Fellowship continue on their sacred quest to destroy the One Ring--but on separate paths. Their destinies lie at two towers--Orthanc Tower in Isengard, where the corrupt wizard Saruman awaits, and Sauron's fortress at Barad-dur, deep within the dark lands of Mordor. Frodo and Sam are trekking to Mordor to destroy the One Ring of Power while Gimli, Legolas and Aragorn search for the orc-captured Merry and Pippin. All along, nefarious wizard Saruman awaits the Fellowship members at the Orthanc Tower in Isengard.",33.7529,/5VTN0pR8gcqV3EPUHHfMGnJYN9L.jpg,2002-12-18,False,False,8.427,24430
245,False,/micCchBozENNYpBYl5kIJPlAowi.jpg,"[53, 10770]",1625901,The Dating App Killer: The Monica White Story,en,The Dating App Killer: The Monica White Story,"A divorcee reenters the dating pool by creating an online profile, but when her match displays unsettling behavior and a series of women from the same dating site go missing, she must save herself from becoming the next victim.",23.3395,/wyu5CdFptyz7ZxmgwcHMMhR5tt0.jpg,2026-02-14,False,False,6.833,6
246,False,/4XM8DUTQb3lhLemJC51Jx4a2EuA.jpg,"[28, 80, 53]",385687,Fast X,en,Fast X,"Over many missions and against impossible odds, Dom Toretto and his family have outsmarted, out-nerved and outdriven every foe in their path. Now, they confront the most lethal opponent they've ever faced: A terrifying threat emerging from the shadows of the past who's fueled by blood revenge, and who is determined to shatter this family and destroy everything—and everyone—that Dom loves, forever.",31.1325,/fiVW06jE7z9YnO4trhaMEdclSiC.jpg,2023-05-17,False,False,6.984,6460
247,False,/3pDfu71mrzSuFYyIfnKEjt8z4BC.jpg,"[27, 53]",1368314,Passenger,en,Passenger,"After a young couple witnesses a gruesome highway accident, they soon realize they did not leave the crash scene alone, as a demonic presence called the Passenger that won't stop until it claims them both turns their van life adventure into a nightmare.",27.75,/2sOEJzhPzjTkZSlPbGxOJ7xgIyS.jpg,2026-05-20,False,False,7.306,792
248,False,/rlay2M5QYvi6igbGcFjq8jxeusY.jpg,"[80, 53, 18]",475557,Joker,en,Joker,"During the 1980s, a failed stand-up comedian is driven insane and turns to a life of crime and chaos in Gotham City while becoming an infamous psychopathic crime figure.",32.405,/udDclJoHjfjb8Ekgsd4FDteOkCU.jpg,2019-10-01,False,False,8.118,28178
249,False,/3P52oz9HPQWxcwHOwxtyrVV1LKi.jpg,"[28, 35, 12]",383498,Deadpool 2,en,Deadpool 2,Wisecracking mercenary Deadpool battles the evil and powerful Cable and other bad guys to save a boy's life.,27.2251,/to0spRl1CMDvyUbOnbb4fTk3VAd.jpg,2018-05-15,False,False,7.489,19555
250,False,/7iUDfakacY1HpajP1DtHrCuDB95.jpg,"[16, 35, 10751]",863,Toy Story 2,en,Toy Story 2,"Andy heads off to Cowboy Camp, leaving his toys to their own devices. Things shift into high gear when an obsessive toy collector named Al McWhiggen, owner of Al's Toy Barn kidnaps Woody. Andy's toys mount a daring rescue mission, Buzz Lightyear meets his match and Woody has to decide where he and his heart truly belong.",28.9521,/4rbcp3ng8n1MKHjpeqW0L7Fnpzz.jpg,1999-10-30,False,False,7.619,15270
251,False,/cWczNud8Y8i8ab0Z4bxos4myWYO.jpg,"[16, 10751, 12]",38757,Tangled,en,Tangled,"Feisty teenager Rapunzel, who has long and magical hair, wants to go and see sky lanterns on her eighteenth birthday, but she's bound to a tower by her overprotective mother. She strikes a deal with Flynn Rider, a charming wanted thief, and the duo set off on an action-packed escapade.",26.5228,/ym7Kst6a4uodryxqbGOxmewF235.jpg,2010-11-24,False,False,7.617,12635
252,False,/zvGMwQ1mAFrxSzzMFT9WMEl6hxB.jpg,"[80, 53]",1171145,Crime 101,en,Crime 101,"When an elusive thief whose high-stakes heists unfold along the iconic 101 freeway in Los Angeles eyes the score of a lifetime, with hopes of this being his final job, his path collides with a disillusioned insurance broker who is facing her own crossroads. Determined to crack the case, a relentless detective closes in on the operation, raising the stakes even higher.",29.1848,/tVvpFIoteRHNnoZMhdnwIVwJpCA.jpg,2026-02-11,False,False,7.007,1304
253,False,/r7K6Xt0RX4Mw0cAbZVw5cyb1Tux.jpg,"[28, 12, 14]",566525,Shang-Chi and the Legend of the Ten Rings,en,Shang-Chi and the Legend of the Ten Rings,Shang-Chi must confront the past he thought he left behind when he is drawn into the web of the mysterious Ten Rings organization.,27.7097,/9f2Q0U3IOsLgrI2HkvldwSABZy5.jpg,2021-09-01,False,False,7.486,10653
254,False,/hHDNOlATHhre4eZ7aYz5cdyJLik.jpg,"[27, 53, 878]",1272837,28 Years Later: The Bone Temple,en,28 Years Later: The Bone Temple,Dr. Kelson finds himself in a shocking new relationship - with consequences that could change the world as they know it - and Spike's encounter with Jimmy Crystal becomes a nightmare he can't escape.,24.5824,/kK1BGkG3KAvWB0WMV1DfOx9yTMZ.jpg,2026-01-14,False,False,7.096,1648
255,False,/8J6UlIFcU7eZfq9iCLbgc8Auklg.jpg,"[14, 10751, 28, 12]",1087192,How to Train Your Dragon,en,How to Train Your Dragon,"On the rugged isle of Berk, where Vikings and dragons have been bitter enemies for generations, Hiccup stands apart, defying centuries of tradition when he befriends Toothless, a feared Night Fury dragon. Their unlikely bond reveals the true nature of dragons, challenging the very foundations of Viking society.",30.4517,/53dsJ3oEnBhTBVMigWJ9tkA5bzJ.jpg,2025-06-06,False,False,7.9,3059
256,False,/ufqytAlziHq5pljKByGJ8IKhtEZ.jpg,"[80, 53]",425274,Now You See Me: Now You Don't,en,Now You See Me: Now You Don't,"The original Four Horsemen reunite with a new generation of illusionists to take on powerful diamond heiress Veronika Vanderberg, who leads a criminal empire built on money laundering and trafficking. The new and old magicians must overcome their differences to work together on their most ambitious heist yet.",26.6992,/oD3Eey4e4Z259XLm3eD3WGcoJAh.jpg,2025-11-12,False,False,6.462,1771
257,False,,[],1525963,Debtor’s Wife,ko,채무자의 아내,"Soo-yeong and Hae-soo are college friends stuck in a love tangle: Soo-yeong likes Che-moo, but Che-moo likes Hae-soo. Meanwhile, Hae-soo likes Dae-in, but Dae-in likes Soo-yeong. Despite the mixed-up feelings, they end up in mismatched marriages. Later, Hae-soo wants to have a baby and tries to get closer to her husband, Dae-in. But Dae-in knows he can’t have children, so he secretly makes a surprising proposal to Soo-yeong’s husband, Che-moo.",27.3426,/ouXTrnJBimHIhWIUlHARDJH47no.jpg,2024-12-26,False,False,0.0,0
258,False,/4Xh2a1WeTp6b8Ksvug0pAMbX3dT.jpg,"[10749, 18]",398818,Call Me by Your Name,en,Call Me by Your Name,"In the summer of 1983, a 17-year-old Elio spends his days in his family's villa in Italy. One day Oliver, a graduate student, arrives to assist Elio's father, a professor of Greco-Roman culture. Soon, Elio and Oliver discover a summer that will alter their lives forever.",26.0484,/mZ4gBdfkhP9tvLH1DO4m4HYtiyi.jpg,2017-10-01,False,False,8.081,12914
259,False,/qqHQsStV6exghCM7zbObuYBiYxw.jpg,[18],389,12 Angry Men,en,12 Angry Men,"The defense and the prosecution have rested and the jury is filing into the jury room to decide if a young Spanish-American is guilty or innocent of murdering his father. What begins as an open and shut case soon becomes a mini-drama of each of the jurors' prejudices and preconceptions about the trial, the accused, and each other.",30.4904,/ppd84D2i9W8jXmsyInGyihiSyqz.jpg,1957-04-10,False,False,8.57,10280
260,False,/nYs4ZwnJBK4AgljhvzwNz7fpr3E.jpg,"[16, 10751, 878]",10681,WALL·E,en,WALL·E,"After hundreds of years doing what he was built for, WALL•E— a robot designed to clean up the earth—discovers a new purpose in life when he meets a sleek search robot named EVE. EVE comes to realize that WALL•E has inadvertently stumbled upon the key to the planet's future, and races back to space to report to the humans. Meanwhile, WALL•E chases EVE across the galaxy and sets into motion one of the most imaginative adventures ever brought to the big screen.",29.1664,/hbhFnRzzg6ZDmm8YAmxBnQpQIPh.jpg,2008-06-26,False,False,8.121,20735
261,False,/bdD39MpSVhKjxarTxLSfX6baoMP.jpg,"[10752, 18, 36]",857,Saving Private Ryan,en,Saving Private Ryan,"As U.S. troops storm the beaches of Normandy, three brothers lie dead on the battlefield, with a fourth trapped behind enemy lines. Ranger captain John Miller and seven men are tasked with penetrating German-held territory and bringing the boy home.",29.2876,/uqx37cS8cpHg8U35f9U5IBlrCV3.jpg,1998-07-24,False,False,8.232,17664
262,False,/6WRrGYalXXveItfpnipYdayFkQB.jpg,"[18, 53, 80]",1422,The Departed,en,The Departed,"To take down South Boston's Irish Mafia, the police send in one of their own to infiltrate the underworld, not realizing the syndicate has done likewise. While an undercover cop curries favor with the mob kingpin, a career criminal rises through the police ranks. But both sides soon discover there's a mole among them.",25.1547,/nT97ifVT2J1yMQmeq20Qblg61T.jpg,2006-10-04,False,False,8.159,16534
263,False,/698FjyzLdpgXmUSr63LaRwblTmx.jpg,"[12, 878, 53, 28]",507086,Jurassic World Dominion,en,Jurassic World Dominion,"Four years after Isla Nublar was destroyed, dinosaurs now live—and hunt—alongside humans all over the world. This fragile balance will reshape the future and determine, once and for all, whether human beings are to remain the apex predators on a planet they now share with history's most fearsome creatures.",27.4396,/jbAvCACjLf1ZG0unB2tdmx5HAf1.jpg,2022-06-01,False,False,6.595,7238
264,False,/sRvXNDItGlWCqtO3j6wks52FmbD.jpg,"[16, 35, 14, 12, 10751]",808,Shrek,en,Shrek,"It ain't easy bein' green -- especially if you're a likable (albeit smelly) ogre named Shrek. On a mission to retrieve a gorgeous princess from the clutches of a fire-breathing dragon, Shrek teams up with an unlikely compatriot -- a wisecracking donkey.",30.5889,/iB64vpL3dIObOtMZgX3RqdVdQDc.jpg,2001-05-18,False,False,7.777,19193
265,False,/qxGmHvmjlBlH5WZOhdHEHAjHaMB.jpg,"[16, 35, 10751, 14]",2062,Ratatouille,en,Ratatouille,"In one of Paris's finest restaurants, Remy, a determined young rat, dreams of becoming a renowned French chef. Torn between his family's wishes and his true calling, Remy and his pal Linguini set in motion a hilarious chain of events that turns the City of Lights upside down.",26.5842,/t3vaWRPSf6WjDSamIkKDs1iQWna.jpg,2007-06-28,False,False,7.8,18839
266,False,/rj58WQ9ImI0mYDptXdM7euX1Wjt.jpg,"[16, 10751, 12, 14]",109445,Frozen,en,Frozen,"Young princess Anna of Arendelle dreams about finding true love at her sister Elsa’s coronation. Fate takes her on a dangerous journey in an attempt to end the eternal winter that has fallen over the kingdom. She's accompanied by ice delivery man Kristoff, his reindeer Sven, and snowman Olaf. On an adventure where she will find out what friendship, courage, family, and true love really means.",28.5792,/itAKcobTYGpYT8Phwjd8c9hleTo.jpg,2013-11-20,False,False,7.249,17820
267,False,/iWak7wT0j6ycCc8lKr4NBz9c7n5.jpg,"[9648, 53, 18]",210577,Gone Girl,en,Gone Girl,"With his wife's disappearance having become the focus of an intense media circus, a man sees the spotlight turned on him when it's suspected that he may not be innocent.",24.5773,/ts996lKsxvjkO2yiYG0ht4qAicO.jpg,2014-10-01,False,False,7.889,20297
268,False,/pkxPkHOPJjOvzfQOclANEBT8OfK.jpg,"[12, 14]",675,Harry Potter and the Order of the Phoenix,en,Harry Potter and the Order of the Phoenix,"When a new professor's methods leave Hogwarts unprepared to fight the rising tide of evil, Harry teaches students how to defend against the dark arts.",28.1111,/5aOyriWkPec0zUDxmHFP9qMmBaj.jpg,2007-07-08,False,False,7.672,21131
269,False,/bGGjyPqtNc8hhGkPo8W8D8t90bW.jpg,"[28, 12, 53]",539972,Kraven the Hunter,en,Kraven the Hunter,"Kraven Kravinoff's complex relationship with his ruthless gangster father, Nikolai, starts him down a path of vengeance with brutal consequences, motivating him to become not only the greatest hunter in the world, but also one of its most feared.",26.4069,/1GvBhRxY6MELDfxFrete6BNhBB5.jpg,2024-12-11,False,False,6.419,2460
270,False,/7I6VUdPj6tQECNHdviJkUHD2u89.jpg,"[28, 53, 80]",603692,John Wick: Chapter 4,en,John Wick: Chapter 4,"With the price on his head ever increasing, John Wick uncovers a path to defeating The High Table. But before he can earn his freedom, Wick must face off against a new enemy with powerful alliances across the globe and forces that turn old friends into foes.",27.7773,/vZloFAK7NmvMGKE7VkF5UHaz0I.jpg,2023-03-21,False,False,7.713,8223
271,False,/eTlcNXGv32zkVI7ZDHhfeaKHXKQ.jpg,"[28, 9648, 878, 53]",198663,The Maze Runner,en,The Maze Runner,"A teenager with no memory of his past finds himself among a group of boys living in a walled enclosure surrounded by a massive, ever-changing maze. As he struggles to adapt to their rules and society, he begins to uncover clues that may lead to escape and the truth behind their confinement.",29.9806,/ode14q7WtDugFDp78fo9lCsmay9.jpg,2014-09-10,False,False,7.191,18387
272,False,/1w8kutrRucTd3wlYyu5QlUDMiG1.jpg,"[12, 10751, 16]",762509,Mufasa: The Lion King,en,Mufasa: The Lion King,"Mufasa, a cub lost and alone, meets a sympathetic lion named Taka, the heir to a royal bloodline. The chance meeting sets in motion an expansive journey of a group of misfits searching for their destiny.",27.0849,/jbOSUAWMGzGL1L4EaUF8K6zYFo7.jpg,2024-12-18,False,False,7.29,2747
273,False,/9tOkjBEiiGcaClgJFtwocStZvIT.jpg,"[16, 12, 10751, 35]",269149,Zootopia,en,Zootopia,"Determined to prove herself, Officer Judy Hopps, the first bunny on Zootopia's police force, jumps at the chance to crack her first case - even if it means partnering with scam-artist fox Nick Wilde to solve the mystery.",28.1642,/hlK0e0wAQ3VLuJcsfIYPvb4JVud.jpg,2016-02-11,False,False,7.766,18439
274,False,/cDJ61O1STtbWNBwefuqVrRe3d7l.jpg,"[12, 14, 28]",10195,Thor,en,Thor,"Against his father Odin's will, The Mighty Thor - a powerful but arrogant warrior god - recklessly reignites an ancient war. Thor is cast down to Earth and forced to live among humans as punishment. Once here, Thor learns what it takes to be a true hero when the most dangerous villain of his world sends the darkest forces of Asgard to invade Earth.",27.5138,/prSfAi1xGrhLQNxVSUFh61xQ4Qy.jpg,2011-04-21,False,False,6.772,22698
275,False,/uU1Mt4JWhDvl4vKb3AfxNsorkoM.jpg,"[10751, 14, 10749]",321612,Beauty and the Beast,en,Beauty and the Beast,A live-action adaptation of Disney's version of the classic tale of a cursed prince and a beautiful young woman who helps him break the spell.,27.8575,/hKegSKIDep2ewJWPUQD7u0KqFIp.jpg,2017-03-16,False,False,7.0,16132
276,False,/7IGKrY1f1KfwMipx9wZC4NRgIdF.jpg,"[18, 10749, 53]",216015,Fifty Shades of Grey,en,Fifty Shades of Grey,"When college senior Anastasia Steele steps in for her sick roommate to interview prominent businessman Christian Grey for their campus paper, little does she realize the path her life will take. Christian, as enigmatic as he is rich and powerful, finds himself strangely drawn to Ana, and she to him. Though sexually inexperienced, Ana plunges headlong into an affair -- and learns that Christian's true sexual proclivities push the boundaries of pain and pleasure.",28.1478,/63kGofUkt1Mx0SIL4XI4Z5AoSgt.jpg,2015-02-11,False,False,5.861,12522
277,False,/1WWukZCoavYEofNVRHJqE4t1urW.jpg,"[28, 878, 53]",1263532,Beast Race,pt,Corrida dos Bichos,"In future Rio de Janeiro, a young leader of the resistance must enter a deadly parkour-inspired competition in order to save his sister's life.",27.7028,/mwmfEqWXZG6HmAUuN5SjO8s7UNV.jpg,2026-03-17,False,False,6.863,102
278,False,/3UbaCMmqOd7mca4Y5DOzY2ZVTyX.jpg,"[28, 12, 14]",122917,The Hobbit: The Battle of the Five Armies,en,The Hobbit: The Battle of the Five Armies,"Following Smaug's attack on Laketown, Bilbo and the dwarves try to defend Erebor's mountain of treasure from others who claim it: the men of the ruined Laketown and the elves of Mirkwood. Meanwhile an army of Orcs led by Azog the Defiler is marching on Erebor, fueled by the rise of the dark lord Sauron. Dwarves, elves and men must unite, and the hope for Middle-Earth falls into Bilbo's hands.",27.8558,/xT98tLqatZPQApyRmlPL12LtiWp.jpg,2014-12-10,False,False,7.338,15665
279,False,/qgch2rFskIxDMgwrD5lWTaB4nBl.jpg,"[12, 35, 14]",512200,Jumanji: The Next Level,en,Jumanji: The Next Level,"As the gang return to Jumanji to rescue one of their own, they discover that nothing is as they expect. The players will have to brave parts unknown and unexplored in order to escape the world’s most dangerous game.",25.9431,/jyw8VKYEiM1UDzPB7NsisUgBeJ8.jpg,2019-12-04,False,False,6.871,9540
280,False,/qgch2rFskIxDMgwrD5lWTaB4nBl.jpg,"[12, 35, 14]",512200,Jumanji: The Next Level,en,Jumanji: The Next Level,"As the gang return to Jumanji to rescue one of their own, they discover that nothing is as they expect. The players will have to brave parts unknown and unexplored in order to escape the world’s most dangerous game.",25.9431,/jyw8VKYEiM1UDzPB7NsisUgBeJ8.jpg,2019-12-04,False,False,6.871,9540
281,False,/ftFf9sfJq69xJ0AuiaIuDKBtfzg.jpg,[35],1341138,Spa Weekend,en,Spa Weekend,"Four lifelong friends realize that somewhere between careers, relationships, families, and everyday responsibilities, they’ve forgotten how to take care of themselves and each other. Burned out and overdue for a break, the women escape to a luxury spa retreat for an unforgettable weekend dedicated to fun, laughter, and a lot of really bad decisions.",25.5931,/i3I19SbOyz6AIl0cSYdyVJRucMr.jpg,2026-08-20,False,False,6.65,20
282,False,/vYqt6kb4lcF8wwqsMMaULkP9OEn.jpg,"[12, 16, 35, 10751, 14]",1241982,Moana 2,en,Moana 2,"After receiving an unexpected call from her wayfinding ancestors, Moana journeys alongside Maui and a new crew to the far seas of Oceania and into dangerous, long-lost waters for an adventure unlike anything she's ever faced.",27.4933,/aLVkiINlIeCkcZIzb7XHzPYgO6L.jpg,2024-11-21,False,False,6.993,3238
283,False,/oAFBdUTyyJZ7EMImZAdMGuPvt6V.jpg,[35],1589248,"My Best Friend, His Girlfriend and Me",de,"Mein bester Freund, seine Freundin und ich","Olli and Matze are best friends living, working and planning to travel the world together — until Matze's romance with Rebecca turns it all upside down.",23.7032,/aWLshM7DZECutuQVpMfhDiPZUQC.jpg,2026-08-14,False,False,6.0,25
284,False,/c9xmB53umjnrCMS4pZz11clF3yJ.jpg,"[16, 28, 14, 12]",980477,Ne Zha 2,zh,哪吒之魔童闹海,"After a catastrophic event leaves their bodies destroyed, Ne Zha and Ao Bing are granted a fragile second chance at life. As tensions rise between the dragon clans and celestial forces, the two must undergo a series of perilous trials that will test their bond, challenge their identities, and decide the fate of both mortals and immortals.",23.7137,/293Mo4GWf7Tl0TfAr5NFghqeMy7.jpg,2025-01-29,False,False,8.158,804
285,False,/ze6Mx4QE5mQVXRYmG2flncqqle4.jpg,"[12, 14]",767,Harry Potter and the Half-Blood Prince,en,Harry Potter and the Half-Blood Prince,Dumbledore tries to prepare Harry for the final battle with Voldemort while Death Eaters wreak havoc in both Muggle and Wizard worlds.,28.8211,/z7uo9zmQdQwU5ZJHFpv2Upl30i1.jpg,2009-07-15,False,False,7.681,21102
286,False,/nHKscpZcAPkh97OsJJjyE5yaVE0.jpg,"[10749, 18]",1316092,"""Wuthering Heights""",en,"""Wuthering Heights""","Tragedy strikes when Heathcliff falls in love with Catherine Earnshaw, a woman from a wealthy family in 18th-century England.",26.3225,/3YBce6dTh1D5oCMITXk2S5QhPt.jpg,2026-02-11,False,False,6.655,1292
287,False,/cGbPBHKSFO7hSIjxkb3KOaGdOep.jpg,"[14, 12, 10749]",967941,Wicked: For Good,en,Wicked: For Good,"As an angry mob rises against the Wicked Witch, Glinda and Elphaba will need to come together one final time. With their singular friendship now the fulcrum of their futures, they will need to truly see each other, with honesty and empathy, if they are to change themselves, and all of Oz, for good.",23.6364,/si9tolnefLSUKaqQEGz1bWArOaL.jpg,2025-11-19,False,False,6.595,1121
288,False,/keIxh0wPr2Ymj0Btjh4gW7JJ89e.jpg,"[28, 12, 878]",497698,Black Widow,en,Black Widow,"Natasha Romanoff, also known as Black Widow, confronts the darker parts of her ledger when a dangerous conspiracy with ties to her past arises. Pursued by a force that will stop at nothing to bring her down, Natasha must deal with her history as a spy and the broken relationships left in her wake long before she became an Avenger.",24.5641,/qAZ0pzat24kLdO3o8ejmbLxyOac.jpg,2021-07-07,False,False,7.154,11532
289,False,/z8mTDyKdAWjKsD0vwa7e9LTSY1j.jpg,"[53, 80, 18]",1487861,Elize: Shadows of a Woman,pt,Elize: Sombras de uma Mulher,"In this retelling of a real case, a former escort discovers her wealthy husband's infidelity and struggles to cope as betrayal poisons their marriage.",25.9062,/l3wevYWTpiZSUEM5B0Q8c21ALAD.jpg,2026-07-22,False,False,7.458,191
290,False,/hGGC9gKo7CFE3fW07RA587e5kol.jpg,"[16, 35, 10751, 12]",14160,Up,en,Up,"Carl Fredricksen spent his entire life dreaming of exploring the globe and experiencing life to its fullest. But at age 78, life seems to have passed him by, until a twist of fate (and a persistent 8-year old Wilderness Explorer named Russell) gives him a new lease on life.",26.3767,/mFvoEwSfLqbcWwFsDjQebn9bzFe.jpg,2009-05-28,False,False,7.961,22001
291,False,/8VyTWJrNEyV2MTWvniDVp0MpOAe.jpg,"[27, 9648]",1078605,Weapons,en,Weapons,"When all but one child from the same class mysteriously vanish on the same night at exactly the same time, a community is left questioning who or what is behind their disappearance.",23.8,/cpf7vsRZ0MYRQcnLWteD5jK9ymT.jpg,2025-08-04,False,False,7.255,3827
292,False,/wZS4xSfPtk1NPQnx9zsT5R2WhCu.jpg,"[16, 35, 878, 80, 10751]",438148,Minions: The Rise of Gru,en,Minions: The Rise of Gru,"A fanboy of a supervillain supergroup known as the Vicious 6, Gru hatches a plan to become evil enough to join them, with the backup of his followers, the Minions.",26.3759,/wKiOkZTN9lUUUNZLmtnwubZYONg.jpg,2022-06-29,False,False,7.257,4130
293,False,/7nAVXGHHtaNcdsqvDXmY6R9N0fG.jpg,"[28, 35]",1363123,The Family Plan 2,en,The Family Plan 2,"Now that Dan's assassin days are behind him, all he wants for Christmas is quality time with his kids. But when he learns his daughter has her own plans, he books a family trip to London—putting them all in the crosshairs of an unexpected enemy.",24.0994,/semFxuYx6HcrkZzslgAkBqfJvZk.jpg,2025-11-11,False,False,6.549,635
294,False,/ffdqHMWkh1h9MABwIfbfRJhgFW6.jpg,"[28, 53, 878]",218,The Terminator,en,The Terminator,"In the post-apocalyptic future, reigning tyrannical supercomputers teleport a cyborg assassin known as the ""Terminator"" back to 1984 to kill Sarah Connor, whose unborn son is destined to lead insurgents against 21st century mechanical hegemony. Meanwhile, the human-resistance movement dispatches a lone warrior to safeguard Sarah. Can he stop the virtually indestructible killing machine?",31.9664,/qvktm0BHcnmDpul4Hz01GIazWPr.jpg,1984-10-26,False,False,7.688,14989
295,False,/weAYfu6FfrNxEDJ3xH1XpgQcqUv.jpg,"[14, 18, 10749]",8966,Twilight,en,Twilight,"When Bella Swan moves to a small town in the Pacific Northwest, she falls in love with Edward Cullen, a mysterious classmate who reveals himself to be a 108-year-old vampire. Despite Edward's repeated cautions, Bella can't stay away from him, a fatal move that endangers her own life.",24.4593,/3Gkb6jm6962ADUPaCBqzz9CTbn9.jpg,2008-11-20,False,False,6.276,14616
296,False,/ot2LoRyfp73Mswc9Y5KrDJYcyU1.jpg,"[28, 53, 18]",1119878,Ice Road: Vengeance,en,Ice Road: Vengeance,"Big rig ice road driver Mike McCann travels to Nepal to scatter his late brother’s ashes on Mt. Everest. While on a packed tour bus traversing the deadly 12,000 ft. terrain of the infamous Road to the Sky, McCann and his mountain guide encounter a group of mercenaries and must fight to save themselves, the busload of innocent travelers, and the local villagers’ homeland.",22.2699,/cQN9rZj06rXMVkk76UF1DfBAico.jpg,2025-06-27,False,False,6.256,659
297,False,/o3i6AfTcWAuNvzAUV3q5lOmi6Gx.jpg,"[16, 10751, 12, 18, 35]",150540,Inside Out,en,Inside Out,"When 11-year-old Riley moves to a new city, her Emotions team up to help her through the transition. Joy, Fear, Anger, Disgust and Sadness work together, but when Joy and Sadness get lost, they must journey through unfamiliar places to get back home.",28.1727,/2H1TmgdfNtsKlU9jKdeNyYL5y8T.jpg,2015-06-17,False,False,7.907,23792
298,False,/rxMnmklIpunsNsRkQ7hw61ZJa84.jpg,"[28, 80, 53]",189,Sin City: A Dame to Kill For,en,Sin City: A Dame to Kill For,Some of Sin City's most hard-boiled citizens cross paths with a few of its more reviled inhabitants.,24.7207,/50kALxDX4mmzIRljbNbPY0u4cie.jpg,2014-08-20,False,False,6.403,4248
299,False,/4mlS1MitcOqdPLhxEFyk9Qwf5rr.jpg,"[16, 18, 10751, 12]",260514,Cars 3,en,Cars 3,"Blindsided by a new generation of blazing-fast racers, the legendary Lightning McQueen finds himself pushed to the brink—and suddenly, the champion who once ruled the track is fighting just to stay in the race. With his career hanging in the balance, McQueen must turn to an ambitious young race technician with a plan of her own, draw strength from the legacy of the late Fabulous Hudson Hornet, and risk everything on one last shot at glory.",25.8038,/zg5RDxvIIAKsucjuU2EZJIHEIvz.jpg,2017-06-15,False,False,6.864,6537
300,False,/sItIskd5xpiE64bBWYwZintkGf3.jpg,"[28, 53, 80]",541671,Ballerina,en,Ballerina,"Taking place during the events of John Wick: Chapter 3 – Parabellum, Eve Macarro begins her training in the assassin traditions of the Ruska Roma.",22.4204,/2VUmvqsHb6cEtdfscEA6fqqVzLg.jpg,2025-06-04,False,False,7.271,2913
301,False,/9nhjGaFLKtddDPtPaX5EmKqsWdH.jpg,"[10749, 878, 53]",950396,The Gorge,en,The Gorge,"Two highly trained operatives grow close from a distance after being sent to guard opposite sides of a mysterious gorge. When an evil below emerges, they must work together to survive what lies within.",23.4608,/7iMBZzVZtG0oBug4TfqDb9ZxAOa.jpg,2025-02-13,False,False,7.689,4117
302,False,/1esAE8sLJRWWFsLLeh5r3g2WanI.jpg,"[35, 12, 14]",346698,Barbie,en,Barbie,"Barbie and Ken are having the time of their lives in the colorful and seemingly perfect world of Barbie Land. However, when they get a chance to go to the real world, they soon discover the joys and perils of living among humans.",24.6373,/iuFNMS8U5cb6xfzi51Dbkovj7vM.jpg,2023-07-19,False,False,6.9,11455
303,False,,[27],687259,Ghost Stories,zh,镜花风月三之螺女挑情,,26.1538,/m4ALMhsuqOOUkkABvgQWfrgoL8y.jpg,1982-01-01,False,False,6.2,2
304,False,/59vDC1BuEQvti24OMr0ZvtAK6R1.jpg,"[14, 12, 16, 10751]",10191,How to Train Your Dragon,en,How to Train Your Dragon,"As the son of a Viking leader on the cusp of manhood, shy Hiccup Horrendous Haddock III faces a rite of passage: he must kill a dragon to prove his warrior mettle. But after downing a feared dragon, he realizes that he no longer wants to destroy it, and instead befriends the beast – which he names Toothless – much to the chagrin of his warrior father.",24.5378,/ygGmAO60t8GyqUo9xYeYxSZAR3b.jpg,2010-03-18,False,False,7.867,14637
305,False,/hL5EIk48251OXlbIbRJq3yaBHk8.jpg,"[35, 80]",949838,72 HOURS,en,72 HOURS,"To save his career, a 40-year-old ad exec joins a crew of twentysomethings for a wild Miami bachelor party after they mistakenly add him to a group chat.",24.3394,/9Bu1PW2R1XayqRqnl0aDOgMcrdS.jpg,2026-07-20,False,False,6.799,389
306,False,/6WqqEjiycNvDLjbEClM1zCwIbDD.jpg,"[27, 53, 878]",1100988,28 Years Later,en,28 Years Later,"Twenty-eight years after the Rage virus outbreak, a heavily-defended island survives connected to the mainland by a single causeway. When one of the group leaves the island into the dark heart of the mainland, he discovers secrets, wonders, and horrors that have mutated not only the infected but other survivors as well.",21.7169,/n5FygjEppOvac6yEaowi26nTyw3.jpg,2025-06-18,False,False,6.607,2864
307,False,/r17jFHAemzcWPPtoO0UxjIX0xas.jpg,"[28, 53, 80]",324552,John Wick: Chapter 2,en,John Wick: Chapter 2,"John Wick is forced out of retirement by a former associate looking to seize control of a shadowy international assassins’ guild. Bound by a blood oath to aid him, Wick travels to Rome and does battle against some of the world’s most dangerous killers.",25.4472,/hXWBc0ioZP3cN4zCu6SN3YHXZVO.jpg,2017-02-08,False,False,7.345,14538
308,False,/pjlxrd646cBYznHoPBWTzz6FujX.jpg,"[28, 878, 18]",39254,Real Steel,en,Real Steel,"Charlie Kenton is a washed-up fighter who retired from the ring when robots took over the sport. After his robot is trashed, he reluctantly teams up with his estranged son to rebuild and train an unlikely contender.",27.7904,/4GIeI5K5YdDUkR3mNQBoScpSFEf.jpg,2011-09-28,False,False,7.137,9481
309,False,/3ZUbUzHFaDYGmTERt8xw1TjFlYD.jpg,[35],404009,Una storia ambigua,it,Una storia ambigua,"Countess Anna Guerrieri, a rich and provocative noblewoman, marries Romano, an important fascist who is very loyal to the party. Sadly his sexual performance is found very lacking by the Countess, and so frustrated, she decides to look elsewhere for satisfaction and ends up setting her sights on Stefano, a naive and inexperienced young nephew undergraduate who has recently arrived from the provinces.",27.3804,/xYlgfHR6QwaPvtIa3hyA69MN5Rd.jpg,1986-05-15,False,False,4.375,8
310,False,/2oZklIzUbvZXXzIFzv7Hi68d6xf.jpg,"[18, 37]",68718,Django Unchained,en,Django Unchained,"With the help of a German bounty hunter, a freed slave sets out to rescue his wife from a brutal Mississippi plantation owner.",26.52,/7oWY8VDWW7thTzWh3OKYRkWUlD5.jpg,2012-12-25,False,False,8.193,28480
311,False,/vadUKKQixxOKWkcuZ1SUEoBQeVG.jpg,[18],10867,Malena,it,Malèna,"12-year-old Renato experiences three significant events on the same day: the beginning of the Second World War, getting a bike, and witnessing the arrival of the gorgeous Malèna. Through his eyes, we see the curse of beauty and loneliness of Malena, whose husband is presumed dead, and, through his soul, we see his love for her.",24.1948,/3OyQTl0IGkbnjDxd3MhztfPE34g.jpg,2000-10-27,False,False,7.555,2790
312,False,/lxwzY9vNwjDgxWKt3zZ6zcU6rEJ.jpg,"[28, 12, 16, 10751]",9806,The Incredibles,en,The Incredibles,"Bob Parr has given up his superhero days to log in time as an insurance adjuster and raise his three children with his formerly heroic wife in suburbia. But when he receives a mysterious assignment, it's time to get back into costume.",23.5798,/2LqaLgk4Z226KkgPJuiOQ58wvrm.jpg,2004-10-27,False,False,7.728,19202
313,False,/q6OGlZ1KMEb14AC8KbPCxyNOal6.jpg,"[18, 35]",77338,The Intouchables,fr,Intouchables,A true story of two men who should never have met – a quadriplegic aristocrat who was injured in a paragliding accident and a young man from the projects.,24.9066,/1QU7HKgsQbGpzsJbJK4pAVQV9F5.jpg,2011-11-02,False,False,8.272,18732
314,False,/xKsnZDERG1dk95wuZ5q9iks3OL3.jpg,"[80, 18, 28]",949,Heat,en,Heat,Obsessive master thief Neil McCauley leads a top-notch crew on various daring heists throughout Los Angeles while determined detective Vincent Hanna pursues him without rest. Each man recognizes and respects the ability and the dedication of the other even though they are aware their cat-and-mouse game may end in violence.,23.5634,/umSVjVdbVwtx5ryCA2QXL44Durm.jpg,1995-12-15,False,False,7.942,8600
315,False,/liiPM38H376CDqxJ7VeQjan5YUy.jpg,"[16, 35, 12, 10751]",57800,Ice Age: Continental Drift,en,Ice Age: Continental Drift,"Manny, Diego, and Sid embark upon another adventure after their continent is set adrift. Using an iceberg as a ship, they encounter sea creatures and battle pirates as they explore a new world.",26.0219,/dfp1BZF7FxbBUyzHvMOI9t8NWDD.jpg,2012-06-27,False,False,6.393,8238
316,False,/mj3RFamNUleZB94zMWgGnJkQCAH.jpg,"[36, 10752, 18]",1308767,Young Washington,en,Young Washington,"Before he led a nation, George Washington was a young soldier thrown into a global conflict. With alliances crumbling and war closing in, he must choose who to trust and confront the leader he's becoming.",21.3409,/6CdoTKnRQHJkjRGxTefFGkPQplB.jpg,2026-07-02,False,False,7.753,100
317,False,/1jSW5NoWWEFeC84PTQ5VKChm4is.jpg,[35],1391325,Uncle Trouble +2,es,La familia Benetón +2,"When Toni Benetón thinks he has everything under control in his lovable and fun multicultural family, the arrival of two new babies turns the house, and the whole family, upside down. Problems double, but so do the adventures.",26.1586,/m0LzWedEi0bWmPSt98o4kkAFYTa.jpg,2026-04-17,False,False,6.0,6
318,False,/q62bpQ67qaXY0u6b2wFEnQYIbPd.jpg,"[10751, 35, 16, 12]",301528,Toy Story 4,en,Toy Story 4,"Woody has always been confident about his place in the world, devoted to taking care of his kid—whether that's Andy or Bonnie. But after Bonnie creates a reluctant new toy called ""Forky"", a road trip adventure alongside old and new friends challenges everything Woody believes about loyalty, purpose, and what it truly means to be a toy.",25.6055,/w9kR8qbmQ01HwnvK4alvnQ2ca0L.jpg,2019-06-19,False,False,7.465,10911
319,False,/5P6jYac8MjxyIh0m9JO4K7MUeUc.jpg,"[28, 18, 10749]",1408170,Lenin,te,లెనిన్,"In a village trapped by generations of bloodshed, a determined young man dares to challenge the traditions fueling an endless cycle of violence.",26.8241,/rAHQviBq8Fxi20hNtHPGLnr4L0f.jpg,2026-07-10,False,False,6.4,5
320,False,/5P6jYac8MjxyIh0m9JO4K7MUeUc.jpg,"[28, 18, 10749]",1408170,Lenin,te,లెనిన్,"In a village trapped by generations of bloodshed, a determined young man dares to challenge the traditions fueling an endless cycle of violence.",26.8241,/rAHQviBq8Fxi20hNtHPGLnr4L0f.jpg,2026-07-10,False,False,6.4,5
321,False,/pWvYluV8GNWQJRC4IdrZuJPLwzO.jpg,"[80, 53, 18]",1487864,Nando Between Two Worlds - A Sintonia Film,pt,Nando Entre Dois Mundos: Um Filme Sintonia,"Caught between family life and his obligations to the criminal underworld, Nando faces an impossible choice about where his true loyalties lie.",24.2676,/lP558W6RgDYaQvs9GKNGPUhVOLU.jpg,2026-08-12,False,False,5.976,21
322,False,/clFFCapyGpE7KD4Jsu5pUbFBZF4.jpg,"[28, 53, 18]",359410,Road House,en,Road House,"Ex-UFC fighter Dalton takes a job as a bouncer at a Florida Keys roadhouse, only to discover that this paradise is not all it seems.",26.2404,/fDEdtS4P0gJsxHDIt8dG8TR5dx1.jpg,2024-03-08,False,False,6.939,3185
323,False,/zBG5Mg29NH9xxpWMMG7BIvKwYhL.jpg,"[10749, 18]",829557,365 Days: This Day,pl,365 dni: Ten dzień,"Laura and Massimo are back and hotter than ever. But the reunited couple's new beginning is complicated by Massimo’s family ties and a mysterious man who enters Laura’s life to win her heart and trust, at any cost.",23.8616,/7qU0SOVcQ8BTJLodcAlulUAG16C.jpg,2022-04-26,False,False,5.946,1868
324,False,/wHwoA0K8GO5vTcOSro8viyfxf6m.jpg,"[28, 12, 18, 37]",1305781,Blades of the Guardians,zh,镖人：风起大漠,"Dao Ma, the ""second most wanted fugitive,"" is entrusted by his benefactor, the chief of Mo family clan, to take on a mysterious escort mission-escorting the ""most wanted fugitive"" to Chang'an.",23.9333,/R84km7PJ0frFSNPmvIjG6LV1kg.jpg,2026-02-17,False,False,8.169,213
325,False,/9ywA15OAiwjSTvg3cBs9B7kOCBF.jpg,"[18, 10749]",337167,Fifty Shades Freed,en,Fifty Shades Freed,"Believing they have left behind shadowy figures from their past, newlyweds Christian and Ana fully embrace an inextricable connection and shared life of luxury. But just as she steps into her role as Mrs. Grey and he relaxes into an unfamiliar stability, new threats could jeopardize their happy ending before it even begins.",24.7075,/jjPJ4s3DWZZvI4vw8Xfi4Vqa1Q8.jpg,2018-01-17,False,False,6.669,8422
326,False,/j2MlEEpA3wgwQiJB6p1UHC50oiw.jpg,"[28, 12, 878]",49521,Man of Steel,en,Man of Steel,"A young boy learns that he has extraordinary powers and is not of this earth. As a young man, he journeys to discover where he came from and what he was sent here to do. But the hero in him must emerge if he is to save the world from annihilation and become the symbol of hope for all mankind.",24.1389,/8GFtkImmK0K1VaUChR0n9O61CFU.jpg,2013-06-12,False,False,6.66,16516
327,False,/2f5Viug0j2jskSmeyhd89QYhqmS.jpg,"[80, 18, 53]",1340206,Tuner,en,Tuner,"A talented piano tuner's meticulous skills for tuning pianos lead him to discover an unexpected aptitude for cracking safes, turning his life upside down.",24.1752,/5OvA3i9wZs5jHu0DCrfmXlzAM67.jpg,2026-05-21,False,False,7.429,336
328,False,/3Fj1BZfs4nQdBccsfqSvc5AJNUa.jpg,"[28, 12, 14, 27]",1623740,Snake 5: Monster City,zh,大蛇5：怪兽都市,"After escaping prison during a monster attack, convict Wu Chuan must navigate a city overrun by prehistoric creatures and lead a desperate fight to save his trapped mother and stop an ancient beast from destroying the city.",24.054,/pmphewalX6Npa5Aedimxq3yvYk0.jpg,2026-01-29,False,False,5.7,3
329,False,/sb76azrAXr9U13uEQxNP5e3fujY.jpg,"[28, 35, 53]",1390300,Over Your Dead Body,en,Over Your Dead Body,"A dysfunctional couple head to a remote cabin to ""reconnect"", but each has secret intentions to kill the other.",22.0347,/kZCauMzAt9eMAhLMopCqnFw1Q5k.jpg,2026-03-14,False,False,6.4,546
330,False,/2XSeKDmIa2KxaiJy4J9e8FrIZhk.jpg,"[16, 35, 80, 878, 10751]",20352,Despicable Me,en,Despicable Me,"Determined to prove he's the world's greatest supervillain, Gru hatches an audacious plan to steal the Moon. To pull it off, he adopts three orphaned girls—Margo, Edith, and Agnes—intending to use them as pawns in his scheme. But the unexpected bond they form forces him to question the criminal life he's always known.",25.5377,/b1BT309QWjtFUlJPLmXmrcHOWEL.jpg,2010-07-08,False,False,7.26,16312
331,False,/bpp58yHuQmpt6xwggI63mVRw7po.jpg,"[27, 53, 35]",1198994,Send Help,en,Send Help,"Two colleagues become stranded on a deserted island, the only survivors of a plane crash. On the island, they must overcome past grievances and work together to survive, but ultimately, it's a battle of wills and wits to make it out alive.",24.3554,/zbJWVHOtj3ljBzWgL1P8pxP03Up.jpg,2026-01-22,False,False,7.036,2212
332,False,/xyW8rJO3rwG2EGcTO6eaUEa8b9d.jpg,"[28, 53]",1613798,Vengeance,es,Venganza,"The brutal murder of the wife of “Toro,” a military hero in the special forces, turns him into a man with a single purpose: revenge. After a stroke of fate makes him a millionaire, Carlos transforms his fortune into an arsenal and, together with his closest soldiers, sets out to hunt down those responsible.",29.3471,/ygWXPL0RS91JyJPNOfK34eV3bRE.jpg,2026-02-26,False,False,7.527,298
333,False,/fW4ZCoEZRBqLAJGFQ2g5AdAfPQR.jpg,"[10749, 10751, 16, 14]",10020,Beauty and the Beast,en,Beauty and the Beast,"Follow the adventures of Belle, a bright young woman who finds herself in the castle of a prince who's been turned into a mysterious beast. With the help of the castle's enchanted staff, Belle soon learns the most important lesson of all -- that true beauty comes from within.",24.9742,/hUJ0UvQ5tgE2Z9WpfuduVSdiCiU.jpg,1991-10-22,False,False,7.726,10840
334,False,/msnknPOg9dx86b0YozXOFP8PgBI.jpg,"[10751, 16, 12, 35]",270946,Penguins of Madagascar,en,Penguins of Madagascar,"Skipper, Kowalski, Rico and Private join forces with undercover organization The North Wind to stop the villainous Dr. Octavius Brine from destroying the world as we know it.",28.5528,/dXbpNrPDZDMEbujFoOxmMNQVMHa.jpg,2014-11-22,False,False,6.5,4558
335,False,/qY7zVZ7liULhfRoXg4c9Xl83LcR.jpg,[27],1430077,Hokum,en,Hokum,"When novelist Ohm Bauman retreats to a remote inn to scatter his parents' ashes, he is consumed by tales of a witch haunting the honeymoon suite. Disturbing visions and a shocking disappearance forces him to confront dark corners of his past.",24.6031,/x6rHcQFiYcczLQPrmxXPAicm54E.jpg,2026-04-29,False,False,6.908,780
336,False,/tuDhEdza074bA497bO9WFEPs6O6.jpg,"[12, 10751, 14]",411,"The Chronicles of Narnia: The Lion, the Witch and the Wardrobe",en,"The Chronicles of Narnia: The Lion, the Witch and the Wardrobe",Four kids travel through a wardrobe to the land of Narnia and learn of their destiny to free it with the guidance of a mystical lion.,27.2912,/iREd0rNCjYdf5Ar0vfaW32yrkm.jpg,2005-12-07,False,False,7.141,11706
337,False,/iCML6fBe3X0y06P33bM7dyYXPKZ.jpg,"[35, 10749]",1632181,Accidental Partners,es,Socias por accidente,Two women discover they were both scammed by the same man (who also got them pregnant). They form an alliance to take revenge.,23.0551,/j0CIVzeR7hRAPBPGR54qDZoOQpp.jpg,2026-03-12,False,False,8.885,364
338,False,/z3br1ub7spqGMkxgjgJSdM4DC21.jpg,"[18, 9648, 878]",1124,The Prestige,en,The Prestige,"A mysterious story of two magicians whose intense rivalry leads them on a life-long battle for supremacy -- full of obsession, deceit and jealousy with dangerous and deadly consequences.",25.8813,/Ag2B2KHKQPukjH7WutmgnnSNurZ.jpg,2006-10-19,False,False,8.212,18002
339,False,/xj1Sv1xm4Y0ydBueGuf10Y9qM0O.jpg,[18],489,Good Will Hunting,en,Good Will Hunting,"Will Hunting is a headstrong, working-class genius who is failing the lessons of life. After one too many run-ins with the law, Will's last chance is a psychology professor, who might be the only man who can reach him.",24.7323,/j9Z7P7BGHXn0I0uPiiyalC6efwe.jpg,1997-12-05,False,False,8.165,14202
340,False,/jW21PoKwqs79wk6bfiYezox63mK.jpg,"[878, 28, 12]",18,The Fifth Element,fr,Le Cinquième Élément,"In 2257, a taxi driver is unintentionally given the task of saving a young girl who is part of the key that will ensure the survival of humanity.",22.9221,/fPtlCO1yQtnoLHOwKtWz7db6RGU.jpg,1997-05-02,False,False,7.59,12053
341,False,/7NUx7bQAD4lo9yMDbprvIblhWo2.jpg,[27],1363387,Saccharine,en,Saccharine,"After succumbing to an obscure weight-loss craze involving the eating of human ashes, lovelorn medical student Hana finds herself haunted by the ghost of the person she's eating.",22.074,/bCHPB5WZy4T0Rerh1GTuQLzU0rF.jpg,2026-05-22,False,False,6.8,139
342,False,/i8MupUe4xgmYXoRNAQMYvuoexSU.jpg,[27],1038392,The Conjuring: Last Rites,en,The Conjuring: Last Rites,Paranormal investigators Ed and Lorraine Warren take on one last terrifying case involving mysterious entities they must confront.,27.8574,/byWgphT74ClOVa8EOGzYDkl8DVL.jpg,2025-09-03,False,False,6.944,2074
343,False,/b6ZJZHUdMEFECvGiDpJjlfUWela.jpg,"[28, 12, 878]",284054,Black Panther,en,Black Panther,"King T'Challa returns home to the reclusive, technologically advanced African nation of Wakanda to serve as his country's new leader. However, T'Challa soon finds that he is challenged for the throne by factions within his own country as well as without. Using powers reserved to Wakandan kings, T'Challa assumes the Black Panther mantle to join with ex-girlfriend Nakia, the queen-mother, his princess-kid sister, members of the Dora Milaje (the Wakandan 'special forces') and an American secret agent, to prevent Wakanda from being dragged into a world war.",25.0022,/uxzzxijgPIY7slzFvMotPv8wjKA.jpg,2018-02-13,False,False,7.363,23847
344,False,/zr7om0GOLOcLo7SXMmNEG5rz6de.jpg,"[18, 10752]",1391021,Once Upon a Time in the Middle East,zh,欢迎来龙餐馆,"Xu Fu travels to the Middle East to work as a chef in a Chinese restaurant to pay off family debts, where he meets floor manager Ma Junsheng. Their Dragon Restaurant rises to fame, attracting crowds with authentic‑tasting Chinese food. But war breaks out, and local conditions take a drastic turn for the worse. No one can remain unaffected. What lies ahead for them? And how will the Dragon Restaurant hold on amid the war?",23.3789,/wAuGgXjA7GV8NrKfmUKl2AP8vqG.jpg,2026-08-08,False,False,9.3,20
345,False,,"[18, 35]",269495,No Thank You,fi,Ei kiitos,"Heli Valkonen is desperately in love with her husband. But Matti is just not in the mood. He is only interested in playing computer games, dressed in worn out fleece pants. For him, a shoulder massage is the highest form of intimacy. When subtle hints, nice words and fetching clothes won't help, Heli resorts in direct, and increasingly direct action - in vain.",22.2775,/xdPbM7uvl4s77Llpe38JdkxvtMX.jpg,2014-01-10,False,False,4.5,15
346,False,/8zLS8p1tRyWFLRFfmgQq0j5WE6z.jpg,"[12, 28, 14]",564,The Mummy,en,The Mummy,Dashing legionnaire Rick O'Connell stumbles upon the hidden ruins of Hamunaptra while in the midst of a battle to claim the area in 1920s Egypt. It has been over three thousand years since former High Priest Imhotep suffered a fate worse than death as a punishment for a forbidden love—along with a curse that guarantees eternal doom upon the world if he is ever awoken.,22.678,/yhIsVvcUm7QxzLfT6HW2wLf5ajY.jpg,1999-04-16,False,False,6.991,10320
347,False,/aHj7d7wSLqrg5cjAcgHhiGr97Ih.jpg,"[28, 53, 878]",798645,The Running Man,en,The Running Man,"Desperate to save his sick daughter, working-class Ben Richards is convinced by The Running Man's charming but ruthless producer to enter the deadly competition game as a last resort. But Ben's defiance, instincts, and grit turn him into an unexpected fan favorite — and a threat to the entire system. As ratings skyrocket, so does the danger, and Ben must outwit not just the Hunters, but a nation addicted to watching him fall.",25.371,/dKL78O9zxczVgjtNcQ9UkbYLzqX.jpg,2025-11-11,False,False,6.735,1908
348,False,/bckxSN9ueOgm0gJpVJmPQrecWul.jpg,"[28, 12, 14]",572802,Aquaman and the Lost Kingdom,en,Aquaman and the Lost Kingdom,"Black Manta seeks revenge on Aquaman for his father's death. Wielding the Black Trident's power, he becomes a formidable foe. To defend Atlantis, Arthur (Aquaman) forges an alliance with his imprisoned brother. They must protect the kingdom.",27.5164,/7lTnXOy0iNtBAdRP3TZvaKJ77F6.jpg,2023-12-20,False,False,6.505,3631
349,False,/rmiG2uwcNoGFmBKMoa1pIcf514L.jpg,"[35, 18]",37165,The Truman Show,en,The Truman Show,"In a picture-perfect seaside town, an insurance salesman begins to realize that his entire existence may be staged and observed by a vast unseen audience as part of a long-running real-time reality TV show.",25.1442,/vuza0WqY239yBXOadKlGwJsZJFE.jpg,1998-06-04,False,False,8.157,20700
350,False,/i1yf91svRHX45l9BXL8rVFzLoPH.jpg,"[27, 53, 12]",578,Jaws,en,Jaws,"When the seaside community of Amity finds itself under attack by a dangerous great white shark, the town's chief of police, a young marine biologist, and a grizzled shark hunter embark on a desperate quest to kill the beast before it strikes again.",21.719,/lxM6kqilAdpdhqUl2biYp5frUxE.jpg,1975-06-20,False,False,7.683,11777
351,False,/6aNKD81RHR1DqUUa8kOZ1TBY1Lp.jpg,"[35, 18]",637,Life Is Beautiful,it,La vita è bella,A touching story of an Italian book seller of Jewish ancestry who lives in his own little fairy tale. His creative and happy life would come to an abrupt halt when his entire family is deported to a concentration camp during World War II. While locked up he tries to convince his son that the whole thing is just a game.,22.7636,/74hLDKjD5aGYOotO6esUVaeISa2.jpg,1997-12-20,False,False,8.437,14187
352,False,/u1HfYLIzWZWpeTJENxWao69DUiz.jpg,[18],1398655,Blue Film,en,Blue Film,"Drawn by the promise of easy money and anonymous sex, queer camboy Aaron Eagle is shocked to discover a personal connection with the mysterious stranger who has paid for his company. Over the course of one night, the two men engage in a war of words and emotions as they wrestle with the impact of a tainted and shared past.",25.0953,/7yqMtaRMPgntGcDtYySv7XfTsDB.jpg,2026-05-08,False,False,7.346,13
353,False,/vr6n6ZFUZvedvIlhfYcbCWcaKyW.jpg,"[12, 14, 28]",58,Pirates of the Caribbean: Dead Man's Chest,en,Pirates of the Caribbean: Dead Man's Chest,"Captain Jack Sparrow’s got a blood debt to pay: he owes his soul to the legendary Davy Jones, ghastly Ruler of the Ocean Depths. To escape eternal servitude aboard the Flying Dutchman, ever-crafty Jack must track down the still-beating heart of Jones. But he won’t do it alone: Will Turner and Elizabeth Swann are drawn back into another one of his perilous quests—assuming they can evade execution for aiding a pirate.",25.8673,/uXEqmloGyP7UXAiphJUu2v2pcuE.jpg,2006-07-06,False,False,7.39,17489
354,False,/rbZvGN1A1QyZuoKzhCw8QPmf2q0.jpg,"[18, 53, 9648]",11324,Shutter Island,en,Shutter Island,"World War II soldier-turned-U.S. Marshal Teddy Daniels investigates the disappearance of a patient from a hospital for the criminally insane, but his efforts are compromised by troubling visions and a mysterious doctor.",24.9076,/nrmXQ0zcZUL8jFLrakWc90IR8z9.jpg,2010-02-14,False,False,8.197,26302
355,False,/1K3JmSNUN8OpjYsCjc0Hy0SYxAb.jpg,"[878, 12, 28]",102899,Ant-Man,en,Ant-Man,"Armed with the astonishing ability to shrink in scale but increase in strength, master thief Scott Lang must embrace his inner-hero and help his mentor, Doctor Hank Pym, protect the secret behind his spectacular Ant-Man suit from a new generation of towering threats. Against seemingly insurmountable obstacles, Pym and Lang must plan and pull off a heist that will save the world.",22.4864,/rQRnQfUl3kfp78nCWq8Ks04vnq1.jpg,2015-07-14,False,False,7.066,21151
356,False,/bQXAqRx2Fgc46uCVWgoPz5L5Dtr.jpg,"[28, 12, 878]",436270,Black Adam,en,Black Adam,"Nearly 5,000 years after he was bestowed with the almighty powers of the Egyptian gods—and imprisoned just as quickly—Black Adam is freed from his earthly tomb, ready to unleash his unique form of justice on the modern world.",27.2224,/rCtreCr4xiYEWDQTebybolIh6Xe.jpg,2022-10-19,False,False,6.777,7198
357,False,/mfgNUnFB25BNIwe9iPJ17cUN64S.jpg,"[35, 10749]",1433367,One Night Only,en,One Night Only,Two love-starved strangers crash into each other on the one night of the year when single people are allowed to have sex.,26.3475,/9LGEqZvzI7Tsosf8srwEY48rZsD.jpg,2026-07-28,False,False,6.866,41
358,False,/lzMS0CI3FLQYC5EgJoWeIaEt0lm.jpg,"[878, 18, 12]",286217,The Martian,en,The Martian,"During a manned mission to Mars, Astronaut Mark Watney is presumed dead after a fierce storm and left behind by his crew. But Watney has survived and finds himself stranded and alone on the hostile planet. With only meager supplies, he must draw upon his ingenuity, wit and spirit to subsist and find a way to signal to Earth that he is alive.",23.5082,/fASz8A0yFE3QB6LgGoOfwvFSseV.jpg,2015-09-30,False,False,7.706,21696
359,False,/qIYpBVW114AShXorGvnEUZGgueS.jpg,"[35, 27, 10749]",1240889,Teenage Sex and Death at Camp Miasma,en,Teenage Sex and Death at Camp Miasma,"After years of slapdash sequels and waning fandom, the Camp Miasma slasher franchise is handed over to an enthusiastic young director for resurrection. But when she visits the original's star, a now-reclusive actress shrouded in mystery, the two women fall into a blood-soaked world of desire, fear, and delirium.",25.6992,/5Cz1EJOKpZ8hqvBNZYF9C2zTB2T.jpg,2026-08-06,False,False,6.685,62
360,False,/zPACwR32amTNvzId9qyapCWXYDJ.jpg,"[12, 28]",85,Raiders of the Lost Ark,en,Raiders of the Lost Ark,"When Dr. Indiana Jones – the tweed-suited professor who just happens to be a celebrated archaeologist – is hired by the government to locate the legendary Ark of the Covenant, he finds himself up against the entire Nazi regime.",24.3538,/ceG9VzoRAVGwivFU403Wc3AHRys.jpg,1981-06-12,False,False,7.927,13898
361,False,/3eUyLEF5M0ky3h6KJsWiWzaakB8.jpg,"[27, 9648, 80]",1159559,Scream 7,en,Scream 7,"When a new Ghostface killer emerges in the quiet town where Sidney Prescott has built a new life, her darkest fears are realized as her daughter becomes the next target. Determined to protect her family, Sidney must face the horrors of her past to put an end to the bloodshed once and for all.",25.4328,/jjyuk0edLiW8vOSnlfwWCCLpbh5.jpg,2026-02-25,False,False,6.239,1238
362,False,/gILte6Zd7m1YneIr6MVhh30S9pr.jpg,"[18, 80]",769,GoodFellas,en,GoodFellas,"The true story of Henry Hill, a half-Irish, half-Sicilian Brooklyn kid who is adopted by neighbourhood gangsters at an early age and climbs the ranks of a Mafia family under the guidance of Jimmy Conway.",26.9293,/9OkCLM73MIU2CrKZbqiT8Ln1wY2.jpg,1990-09-12,False,False,8.45,14670
363,False,/7QirCB1o80NEFpQGlQRZerZbQEp.jpg,"[10749, 18]",1156594,Our Fault,es,Culpa nuestra,"Jenna and Lion's wedding brings about the long-awaited reunion between Noah and Nick after their breakup. Nick's inability to forgive Noah stands as an insurmountable barrier. He, heir to his grandfather's businesses, and she, starting her professional life, resist fueling a flame that's still alive. But now that their paths have crossed again, will love be stronger than resentment?",26.4694,/yzqHt4m1SeY9FbPrfZ0C2Hi9x1s.jpg,2025-10-15,False,False,7.4,734
364,False,/zdXnJqBaGFVtLoPNuMeKfEYUViZ.jpg,"[10749, 18]",11036,The Notebook,en,The Notebook,"An epic love story centered around an older man who reads aloud to a woman with Alzheimer's. From a faded notebook, the old man's words bring to life the story about a couple who is separated by World War II, and is then passionately reunited, seven years later, after they have taken different paths.",24.154,/rNzQyW4f8B8cQeg7Dgj3n6eT5k9.jpg,2004-06-25,False,False,7.89,12796
365,False,/wjnewOLmAYEfh1jeoXme7FO77K2.jpg,"[53, 10770]",451156,Infidelity in Suburbia,en,Infidelity in Suburbia,"With her husband away at work, and her son at school, Laura dreams of a home-renovation project to supplant her restless days. Elliott, her irresistibly hot private contractor, soon fulfills her more forbidden dreams.",22.0405,/gKyvJ8u2US61pHR56C2DoVbwnu.jpg,2017-02-25,False,False,6.21,162
366,False,/ikyzq678qnHtRY8ZiQJzK4hiOyW.jpg,"[53, 27]",1382832,Hungry,en,Hungry,A group of holidaymakers must fight for their lives against a rampaging hippo on the loose after becoming lost in the Louisiana swamplands.,21.7527,/4uNhvGxBDiO0mU5UhxuXBsJwKF3.jpg,2026-06-03,False,False,7.196,237
367,False,/hpXBJxLD2SEf8l2CspmSeiHrBKX.jpg,"[18, 14, 27]",1062722,Frankenstein,en,Frankenstein,"Dr. Victor Frankenstein, a brilliant but egotistical scientist, brings a creature to life in a monstrous experiment that ultimately leads to the undoing of both the creator and his tragic creation.",22.0939,/g4JtvGlQO7DByTI6frUobqvSL3R.jpg,2025-10-17,False,False,7.616,3761
368,False,/4QLdZ2A8mkDWp2rpfgDrwmeCtUW.jpg,"[28, 12, 80]",47971,xXx: Return of Xander Cage,en,xXx: Return of Xander Cage,"Xander Cage is left for dead after an incident, though he secretly returns to action for a new, tough assignment with his handler Augustus Gibbons.",24.6224,/hba8zREJpP1AYhaXgb2oJLQeO0K.jpg,2017-01-13,False,False,6.129,9306
369,False,/lFIXZpwwlF9hg8NM3RazaIJDuaj.jpg,[18],207,Dead Poets Society,en,Dead Poets Society,"At an elite, old-fashioned boarding school in New England, a passionate English teacher inspires his students to rebel against convention and seize the potential of every day, courting the disdain of the stern headmaster.",25.7647,/tNvKkSnnn4Z6RCBThyK1gfCSSvv.jpg,1989-06-02,False,False,8.296,12880
370,False,/qAzYK4YPSWDc7aa4R43LcwRIAyb.jpg,"[28, 12, 878]",299537,Captain Marvel,en,Captain Marvel,"The story follows Carol Danvers as she becomes one of the universe’s most powerful heroes when Earth is caught in the middle of a galactic war between two alien races. Set in the 1990s, Captain Marvel is an all-new adventure from a previously unseen period in the history of the Marvel Cinematic Universe.",21.7641,/AtsgWhDnHTq68L0lLsUrCnM7TjG.jpg,2019-03-06,False,False,6.773,17055
371,False,/3SozaNPOYUadcmTPgndDibMyDNC.jpg,"[878, 28, 18, 53]",119450,Dawn of the Planet of the Apes,en,Dawn of the Planet of the Apes,"A group of scientists in San Francisco struggle to stay alive in the aftermath of a plague that is wiping out humanity, while Caesar tries to maintain dominance over his community of intelligent apes.",21.0715,/mSmAc9G25fhOHH45SLEeagR0qi7.jpg,2014-07-08,False,False,7.343,12441
372,False,/g2aOpyCO1vEyUZURh3V5uaHu187.jpg,"[28, 53]",1288341,Seven Snipers,en,Seven Snipers,"When a former elite sniper is hunted down by the ruthless warlord who once held her captive, she must fight to the death to protect the daughter she has raised in hiding, on a remote Australian farm.",21.7934,/pK6tGCG6UAgUT5FTq3ylGErHxQQ.jpg,2026-04-30,False,False,6.1,122
373,False,/x4biAVdPVCghBlsVIzB6NmbghIz.jpg,[37],429,"The Good, the Bad and the Ugly",it,"Il buono, il brutto, il cattivo","While the Civil War rages on between the Union and the Confederacy, three men – a quiet loner, a ruthless hitman, and a Mexican bandit – comb the American Southwest in search of a strongbox containing $200,000 in stolen gold.",25.4001,/bX2xnavhMYjWDoZp1VM6VnU1xwe.jpg,1966-12-23,False,False,8.466,9881
374,False,/7jaNOECZG8uS1tlq69HsY5xY8P9.jpg,"[28, 10752, 36]",855,Black Hawk Down,en,Black Hawk Down,"When U.S. Rangers and an elite Delta Force team attempt to kidnap two underlings of a Somali warlord, their Black Hawk helicopters are shot down, and the Americans suffer heavy casualties, facing intense fighting from the militia on the ground.",20.4746,/7fU5dSqKRL4XHeEUz62rCKBfYok.jpg,2001-12-28,False,False,7.398,6531
375,False,/9IIBboV7MCT0bTxzXHmWK1Hq558.jpg,"[18, 80, 28]",272,Batman Begins,en,Batman Begins,"Driven by tragedy, billionaire Bruce Wayne dedicates his life to uncovering and defeating the corruption that plagues his home, Gotham City.  Unable to work within the system, he instead creates a new identity, a symbol of fear for the criminal underworld - The Batman.",21.5959,/sPX89Td70IDDjVr85jdSBb4rWGr.jpg,2005-06-10,False,False,7.729,23033
376,False,/ncoqdHs1poUaBqyKic9YI8ai7MP.jpg,"[53, 80]",161,Ocean's Eleven,en,Ocean's Eleven,"Less than 24 hours into his parole, charismatic thief Danny Ocean is already rolling out his next plan: In one night, Danny's hand-picked crew of specialists will attempt to steal more than $150 million from three Las Vegas casinos. But to score the cash, Danny risks his chances of reconciling with ex-wife, Tess.",22.1181,/hQQCdZrsHtZyR6NbKH2YyCqd2fR.jpg,2001-12-07,False,False,7.466,12804
377,False,/mXLVA0YL6tcXi6SJSuAh9ONXFj5.jpg,"[12, 878, 10751]",601,E.T. the Extra-Terrestrial,en,E.T. the Extra-Terrestrial,"An alien is left behind on Earth and saved by the 10-year-old Elliott who decides to keep him hidden in his home. While a task force hunts for the extra-terrestrial, Elliott, his brother, and his little sister Gertie form an emotional bond with their new friend, and try to help him find his way home.",23.1505,/an0nD6uq6byfxXCfk6lQBzdL2J1.jpg,1982-06-11,False,False,7.518,12197
378,False,/raph7qjAGTMXaIjVxt6ZDSXRzUr.jpg,"[28, 878, 12]",786892,Furiosa: A Mad Max Saga,en,Furiosa: A Mad Max Saga,"As the world falls, young Furiosa is snatched from the Green Place of Many Mothers into the hands of a great biker horde led by the warlord Dementus. Sweeping through the wasteland, they encounter the citadel presided over by Immortan Joe. The two tyrants wage war for dominance, and Furiosa must survive many trials as she puts together the means to find her way home.",24.3948,/iADOJ8Zymht2JPMoy3R7xceZprc.jpg,2024-05-22,False,False,7.444,5122
379,False,/twsxsfao6ZOVvT8LfudH603MMi6.jpg,"[16, 35, 28, 878, 10751]",519182,Despicable Me 4,en,Despicable Me 4,"Gru and Lucy and their girls—Margo, Edith and Agnes—welcome a new member to the Gru family, Gru Jr., who is intent on tormenting his dad. Gru also faces a new nemesis in Maxime Le Mal and his femme fatale girlfriend Valentina, forcing the family to go on the run.",23.9355,/wWba3TaojhK7NdycRhoQpsG0FaH.jpg,2024-06-20,False,False,6.971,3334
380,False,/twsxsfao6ZOVvT8LfudH603MMi6.jpg,"[16, 35, 28, 878, 10751]",519182,Despicable Me 4,en,Despicable Me 4,"Gru and Lucy and their girls—Margo, Edith and Agnes—welcome a new member to the Gru family, Gru Jr., who is intent on tormenting his dad. Gru also faces a new nemesis in Maxime Le Mal and his femme fatale girlfriend Valentina, forcing the family to go on the run.",23.9355,/wWba3TaojhK7NdycRhoQpsG0FaH.jpg,2024-06-20,False,False,6.971,3334
381,False,/iYdgEUE2W2aJkgqfSjf1x3gFfuV.jpg,"[28, 12, 878]",363088,Ant-Man and the Wasp,en,Ant-Man and the Wasp,"Just when his time under house arrest is about to end, Scott Lang once again puts his freedom at risk to help Hope van Dyne and Dr. Hank Pym dive into the quantum realm and try to accomplish, against time and any chance of success, a very dangerous rescue mission.",25.2604,/cFQEO687n1K6umXbInzocxcnAQz.jpg,2018-07-04,False,False,6.898,14424
382,False,/uIpJPDNFoeX0TVml9smPrs9KUVx.jpg,"[27, 9648]",574475,Final Destination Bloodlines,en,Final Destination Bloodlines,"Plagued by a violent recurring nightmare, college student Stefanie heads home to track down the one person who might be able to break the cycle and save her family from the grisly demise that inevitably awaits them all.",24.9589,/6WxhEvFsauuACfv8HyoVX6mZKFj.jpg,2025-05-14,False,False,7.032,3065
383,False,/robYRZk9LxJTwD7GlZCginji5k.jpg,"[16, 10751, 12, 35]",49013,Cars 2,en,Cars 2,Star race car Lightning McQueen and his pal Mater head overseas to compete in the World Grand Prix race. But the road to the championship becomes rocky as Mater gets caught up in an intriguing adventure of his own: international espionage.,24.0471,/okIz1HyxeVOMzYwwHUjH2pHi74I.jpg,2011-06-11,False,False,6.189,8641
384,False,/dBgxEkWe17R0AJDAvAhpeVELQx2.jpg,"[28, 18, 10749]",744,Top Gun,en,Top Gun,"For Lieutenant Pete 'Maverick' Mitchell and his friend and co-pilot Nick 'Goose' Bradshaw, being accepted into an elite training school for fighter pilots is a dream come true. But a tragedy, as well as personal demons, will threaten Pete's dreams of becoming an ace pilot.",21.8886,/xUuHj3CgmZQ9P2cMaqQs4J0d4Zc.jpg,1986-05-16,False,False,7.071,9825
385,False,/5jhG1lTgV0MS6tDkBMQSSitttTT.jpg,[18],1402,The Pursuit of Happyness,en,The Pursuit of Happyness,A struggling salesman takes custody of his son as he's poised to begin a life-changing professional career.,24.3253,/lBYOKAMcxIvuk9s9hMuecB9dPBV.jpg,2006-12-14,False,False,7.884,10801
386,False,/brnfCYyz8EMbBrHgmh8sCwBi5i1.jpg,"[28, 27, 53]",396535,Train to Busan,ko,부산행,"When a zombie virus pushes Korea into a state of emergency, those trapped on an express train to Busan must fight for their own survival.",23.5532,/vNVFt6dtcqnI7hqa6LFBUibuFiw.jpg,2016-07-20,False,False,7.754,8641
387,False,/p26c040MErns7DJYhisa1CpVB5i.jpg,"[27, 9648, 53]",423108,The Conjuring: The Devil Made Me Do It,en,The Conjuring: The Devil Made Me Do It,"Paranormal investigators Ed and Lorraine Warren encounter what would become one of the most sensational cases from their files. The fight for the soul of a young boy takes them beyond anything they'd ever seen before, to mark the first time in U.S. history that a murder suspect would claim demonic possession as a defense.",23.2751,/xbSuFiJbbBWCkyCCKIMfuDCA4yV.jpg,2021-05-25,False,False,7.339,6672
388,False,/iffzIhuLAO38Po6sh1s6ZEVwlNL.jpg,"[28, 80]",24,Kill Bill: Vol. 1,en,Kill Bill: Vol. 1,"An assassin is shot by her ruthless employer, Bill, and other members of their assassination circle – but she lives to plot her vengeance.",21.9956,/v7TaX8kXMXs5yFFGR41guUDNcnB.jpg,2003-10-10,False,False,7.971,19305
389,False,/pbMbDlOAkVuvnxovBA2ENin59xH.jpg,"[12, 10751, 14, 10749]",447277,The Little Mermaid,en,The Little Mermaid,"The youngest of King Triton’s daughters, and the most defiant, Ariel longs to find out more about the world beyond the sea, and while visiting the surface, falls for the dashing Prince Eric. With mermaids forbidden to interact with humans, Ariel makes a deal with the evil sea witch, Ursula, which gives her a chance to experience life on land, but ultimately places her life – and her father’s crown – in jeopardy.",22.1264,/ym1dxyOk4jFcSl4Q2zmRrA5BEEN.jpg,2023-05-18,False,False,6.3,3397
390,False,/ocOWbTzHcJVTw9Tz173KPeskDOP.jpg,"[10751, 14, 12]",12155,Alice in Wonderland,en,Alice in Wonderland,"Alice, now 19 years old, returns to the whimsical world she first entered as a child and embarks on a journey to discover her true destiny.",20.5498,/o0kre9wRCZz3jjSjaru7QU0UtFz.jpg,2010-03-03,False,False,6.644,14997
391,False,/hD9zZYKYb1xBgcm8XIfyvclSkjs.jpg,[27],259693,The Conjuring 2,en,The Conjuring 2,Lorraine and Ed Warren travel to north London to help a single mother raising four children alone in a house plagued by malicious spirits.,22.7279,/zEqyD0SBt6HL7W9JQoWwtd5Do1T.jpg,2016-06-08,False,False,7.294,9360
392,False,,[10749],1608457,누나 친구 4,ko,누나 친구 4,,21.9001,/zzK8AKJywLRwooQNhJOV9iR7mjA.jpg,2024-12-16,False,False,0.0,0
393,False,/erNAhcSYrDMXQqAU1TVthYyFA71.jpg,"[28, 35]",1541560,Stop! That! Train!,en,Stop! That! Train!,"Best friends and train stewardesses Tess and DeeDee trade their dreary shifts on the Stank Rail for the glitzy Glamazonian Express. However, when a catastrophic Stormaganza threatens to crash the high-speed train into Celebration, Florida, the duo in coach must join forces with the snobby first-class attendants, a hot but dimwitted co-conductor, and fabulous US President Judy Gagwell to save the day.",20.4076,/7t69fo096Ddre1fEmCitxTdQ89v.jpg,2026-06-12,False,False,5.167,45
394,False,/1nHaO4rTv1E6xVJYIMGP9nmLxE9.jpg,"[28, 80, 53, 37]",1242332,Normal,en,Normal,"An unassuming substitute sheriff with a troubled past responds to a bank robbery in a small, sleepy town and unknowingly uncovers something far more explosive.",20.7424,/t13MdGCKRZvkmrFW2A7Vih3QjwD.jpg,2026-04-16,False,False,7.257,509
395,False,/85k0kaoRgGmF6ACq0M61AFxhjLN.jpg,"[35, 80]",12153,White Chicks,en,White Chicks,"Two FBI agent brothers, Marcus and Kevin Copeland, accidentally foil a drug bust. To avoid being fired they accept a mission escorting a pair of socialites to the Hamptons--but when the girls are disfigured in a car accident, they refuse to go. Left without options, Marcus and Kevin decide to pose as the sisters, transforming themselves from black men into rich European-American women.",22.2547,/aHTUpo45qy9QYIOnVITGGqLoVcA.jpg,2004-06-23,False,False,6.961,4703
396,False,/9vAoubhoZE8aSkUZoSfxs3UWZhO.jpg,"[53, 28, 80]",156022,The Equalizer,en,The Equalizer,"McCall believes he has put his mysterious past behind him and dedicated himself to beginning a new, quiet life. But when he meets Teri, a young girl under the control of ultra-violent Russian gangsters, he can’t stand idly by – he has to help her. Armed with hidden skills that allow him to serve vengeance against anyone who would brutalize the helpless, McCall comes out of his self-imposed retirement and finds his desire for justice reawakened. If someone has a problem, if the odds are stacked against them, if they have nowhere else to turn, McCall will help. He is The Equalizer.",22.745,/9u4yW7yPA0BQ2pv9XwiNzItwvp8.jpg,2014-09-24,False,False,7.293,10142
397,False,/7IwBgIwoHtkQ0lYGbBbqKintSWx.jpg,"[28, 35, 27, 53]",1292695,They Will Kill You,en,They Will Kill You,"A woman answers a help wanted ad to be a housekeeper in a mysterious New York City high-rise, unaware that she is entering a community that has seen a number of disappearances over the years and may be under the grip of a Satanic cult.",22.3983,/6oI4oQKTWMVUlr8Ivqydp28Ruu6.jpg,2026-03-25,False,False,6.949,1071
398,False,/gddUsvfyySrM5k8B8wwJy2VRlBx.jpg,"[80, 53, 37]",6977,No Country for Old Men,en,No Country for Old Men,"Llewelyn Moss stumbles upon dead bodies, $2 million and a hoard of heroin in a Texas desert, but methodical killer Anton Chigurh comes looking for it, with local sheriff Ed Tom Bell hot on his trail. The roles of prey and predator blur as the violent pursuit of money and justice collide.",25.1273,/6d5XOczc226jECq0LIX0siKtgHR.jpg,2007-11-09,False,False,7.949,13670
399,False,/1Onam6oWyFAUCcoxtdWkACtEiNr.jpg,"[18, 10749]",4348,Pride & Prejudice,en,Pride & Prejudice,"A story of love and life among the landed English gentry during the Georgian era. Mr. Bennet is a gentleman living in Hertfordshire with his overbearing wife and five daughters, but if he dies their house will be inherited by a distant cousin whom they have never met, so the family's future happiness and security is dependent on the daughters making good marriages.",21.7252,/o8UhmEbWPHmTUxP0lMuCoqNkbB3.jpg,2005-09-16,False,False,8.1,8902
400,False,/qdthf9WrRDSaIkGVQGhhJ9pz1hn.jpg,"[28, 16, 35, 10751]",9502,Kung Fu Panda,en,Kung Fu Panda,"Chosen by prophecy but doubted by all, Po is an unlikely choice for the mystical title of the Dragon Warrior—a clumsy panda thrust into the world of kung fu as a deadly enemy threatens the Valley of Peace. Under reluctant guidance by Master Shifu and the Furious Five, Po must embrace who he is to unlock the power that no scroll can teach.",21.5127,/wWt4JYXTg5Wr3xBW2phBrMKgp3x.jpg,2008-06-04,False,False,7.335,12915
401,False,/mUYV0ZdsDEliGaQahcQH1F3grsP.jpg,"[16, 10751, 12]",10674,Mulan,en,Mulan,"When Imperial China calls one man from every family to defend the empire from invading Huns, a young woman disguises herself as a soldier to take her ailing father’s place. Facing ruthless invaders, brutal training, and the risk of execution if discovered, she must decide who she truly is— and what she’s willing to fight for.",20.8654,/jAbexAtB0aSfP5Ay4TpWHARyVnG.jpg,1998-06-18,False,False,7.903,10627
402,False,/YL3GPOiDcNraIJOVDCZsoOBoDy.jpg,"[878, 28, 12, 53]",106,Predator,en,Predator,A team of elite commandos on a secret mission in a Central American jungle come to find themselves hunted by an extraterrestrial warrior.,22.404,/k3mW4qfJo6SKqe6laRyNGnbB9n5.jpg,1987-06-12,False,False,7.576,9426
403,False,/jnFmHDHmPZrQ7vyHmxXHcoxp25j.jpg,"[53, 18, 10749]",290098,The Handmaiden,ko,아가씨,"1930s Korea, in the period of Japanese occupation, a new girl, Sook-hee, is hired as a handmaiden to a Japanese heiress, Hideko, who lives a secluded life on a large countryside estate with her domineering Uncle Kouzuki. But the maid has a secret. She is a pickpocket recruited by a swindler posing as a Japanese Count to help him seduce the Lady to steal her fortune.",20.647,/dLlH4aNHdnmf62umnInL8xPlPzw.jpg,2016-06-01,False,False,8.177,4452
404,False,/xtHonIIIQXverDQM08TMQXjn9Fe.jpg,"[35, 14]",214756,Ted 2,en,Ted 2,"Newlywed couple Ted and Tami-Lynn want to have a baby, but in order to qualify to be a parent, Ted will have to prove he's a person in a court of law.",23.2574,/38C91I7Xft0gyY7BITm8i4yvuRb.jpg,2015-06-25,False,False,6.325,8117
405,False,/jr8tSoJGj33XLgFBy6lmZhpGQNu.jpg,"[16, 12, 14, 35, 10751]",315162,Puss in Boots: The Last Wish,en,Puss in Boots: The Last Wish,"Puss in Boots discovers that his passion for adventure has taken its toll: He has burned through eight of his nine lives, leaving him with only one life left. Puss sets out on an epic journey to find the mythical Last Wish and restore his nine lives.",25.1727,/kuf6dutpsT0vSVehic3EZIqkOBt.jpg,2022-12-07,False,False,8.215,9159
406,False,/qGZXYHvWR1TYOU9raCaEABrj9m7.jpg,"[16, 10751, 14]",10144,The Little Mermaid,en,The Little Mermaid,This colorful adventure tells the story of an impetuous mermaid princess named Ariel who falls in love with the very human Prince Eric and puts everything on the line for the chance to be with him. Memorable songs and characters -- including the villainous sea witch Ursula.,21.3626,/plcZXvI310FkbwIptvd6rqk63LP.jpg,1989-11-17,False,False,7.4,8528
407,False,/5a7lMDn3nAj2ByO0X1fg6BhUphR.jpg,"[12, 28, 878]",333339,Ready Player One,en,Ready Player One,"When the creator of a popular video game system dies, a virtual contest is created to compete for his fortune.",19.7572,/pU1ULUq8D3iRxl1fdX2lZIzdHuI.jpg,2018-03-28,False,False,7.587,17280
408,False,/kARonxQpuSZdFraTKlCThWOBCtu.jpg,[35],38365,Grown Ups,en,Grown Ups,"After their high school basketball coach passes away, five good friends and former teammates reunite for a Fourth of July holiday weekend.",22.7487,/cQGM5k1NtU85n4TUlrOrwijSCcm.jpg,2010-06-24,False,False,6.433,6838
409,False,/eENEf62tMXbhyVvdcXlnQz2wcuT.jpg,"[878, 28, 12]",580489,Venom: Let There Be Carnage,en,Venom: Let There Be Carnage,"After finding a host body in investigative reporter Eddie Brock, the alien symbiote must face a new enemy, Carnage, the alter ego of serial killer Cletus Kasady.",23.1403,/pzKsRuKLFmYrW5Q0q8E8G78Tcgo.jpg,2021-09-30,False,False,6.732,11364
410,False,/ibgK9YRmUFW774aDVoFvogirg8b.jpg,"[18, 10749]",665760,Mare,hr,Mare,"Routinely, but with dedication, Mare runs her small family’s modest household, even though a new washing machine is not the only thing that is missing. When a chance encounter rekindles her libido, she does not hold back for long.",16.8453,/2uQBgKCNkFm94R9pHaUnY4zwYlR.jpg,2020-02-23,False,False,5.056,18
411,False,/tN3pTxkQoP96wtaEahYuRVdUWb2.jpg,"[878, 53, 35]",701387,Bugonia,en,Bugonia,"Two conspiracy obsessed young men kidnap the high-powered CEO of a major company, convinced that she is an alien intent on destroying planet Earth.",19.6565,/rSdOua3wKMEaFWDcKAYWRjXQWOt.jpg,2025-10-23,False,False,7.297,2313
412,False,/7Q2CmqIVJuDAESPPp76rWIiA0AD.jpg,"[28, 12, 18]",1011477,Karate Kid: Legends,en,Karate Kid: Legends,"After a family tragedy, kung fu prodigy Li Fong is uprooted from his home in Beijing and forced to move to New York City with his mother. When a new friend needs his help, Li enters a karate competition – but his skills alone aren't enough. Li's kung fu teacher Mr. Han enlists original Karate Kid Daniel LaRusso for help, and Li learns a new way to fight, merging their two styles into one for the ultimate martial arts showdown.",20.4291,/c90Lt7OQGsOmhv6x4JoFdoHzw5l.jpg,2025-05-08,False,False,6.973,1269
413,False,/6al048Lat3eLVQOuKtc9h6Tu94d.jpg,"[28, 12, 878]",558,Spider-Man 2,en,Spider-Man 2,"Peter Parker is going through a major identity crisis. Burned out from being Spider-Man, he decides to shelve his superhero alter ego, which leaves the city suffering in the wake of carnage left by the evil Doc Ock. In the meantime, Parker still can't act on his feelings for Mary Jane Watson, a girl he's loved since childhood. A certain anger begins to brew in his best friend Harry Osborn as well...",20.436,/aGuvNAaaZuWXYQQ6N2v7DeuP6mB.jpg,2004-06-25,False,False,7.327,16792
414,False,/iuRVt8tFiXDPGgzavhuSa3QHRxD.jpg,[35],18785,The Hangover,en,The Hangover,"When three friends finally come to after a raucous night of bachelor-party revelry, they find a baby in the closet and a tiger in the bathroom. But they can't seem to locate their best friend, Doug – who's supposed to be tying the knot. Launching a frantic search for Doug, the trio perseveres through a nasty hangover to try to make it to the church on time.",21.6685,/A0uS9rHR56FeBtpjVki16M5xxSW.jpg,2009-06-02,False,False,7.336,18412
415,False,/atoIgfAk2Ig2HFJLD0VUnjiPWEz.jpg,"[12, 35, 10751, 14]",118,Charlie and the Chocolate Factory,en,Charlie and the Chocolate Factory,"A young boy wins a tour through the most magnificent chocolate factory in the world, led by the world's most unusual candy maker.",21.8569,/iKP6wg3c6COUe8gYutoGG7qcPnO.jpg,2005-07-13,False,False,7.037,16321
416,False,/1qM2BYNE11Viby8ImC9LC00DgDr.jpg,"[28, 80, 18]",111,Scarface,en,Scarface,"After getting a green card in exchange for assassinating a Cuban government official, Tony Montana stakes a claim on the drug trade in Miami. Viciously murdering anyone who stands in his way, Tony eventually becomes the biggest drug lord in the state, controlling nearly all the cocaine that comes through Miami. But increased pressure from the police, wars with Colombian drug cartels and his own drug-fueled paranoia serve to fuel the flames of his eventual downfall.",24.2221,/iQ5ztdjvteGeboxtmRdXEChJOHh.jpg,1983-12-09,False,False,8.153,13331
417,False,/8AAuJtCzaibYkbE0QVHc8EBsELB.jpg,"[14, 28, 12, 16, 10751]",82702,How to Train Your Dragon 2,en,How to Train Your Dragon 2,"Five years after uniting the dragons and Vikings of Berk, Hiccup and Toothless soar beyond their homeland, charting the vast unknown. During one of their adventures, the pair discover a secret cave that houses hundreds of wild dragons -- and a mysterious dragon rider with a startling connection to Hiccup. And as the ruthless dragon conqueror Drago Bludvist rises to seize control of both dragons and people alike, Hiccup must step into his role as a true leader and, alongside his friends and Toothless, protect Berk from a devastating war.",21.7525,/d13Uj86LdbDLrfDoHR5aDOFYyJC.jpg,2014-06-05,False,False,7.685,10624
418,False,/wQOhbCP6H8bO5ddlXDZT207orew.jpg,"[10749, 18]",1477317,Your Fault: London,en,Your Fault: London,"Nick and Noah are both embarking on life-changing adventures that are threatening to pull them apart—Nick in business with his father and Noah starting a fresh chapter at Oxford University. Now living separate lives, and meeting new people, they find themselves entangled in temptations, rivalries, and betrayals and their bond is tested like never before. As secrets unravel and temptation rises, they must fight to hold onto each other—or risk losing everything.",20.5967,/nLxu237EJAisFCYKK48hN9Plobx.jpg,2026-06-17,False,False,7.508,188
419,False,/bIUaCtWaRgd78SnoHJDI8TNf7Sd.jpg,"[12, 28, 878]",181808,Star Wars: The Last Jedi,en,Star Wars: The Last Jedi,"Rey develops her newly discovered abilities with the guidance of Luke Skywalker, who is unsettled by the strength of her powers. Meanwhile, the Resistance prepares to do battle with the First Order.",24.9426,/ySaaKHOLAQU5HoZqWmzDIj1VvZ1.jpg,2017-12-13,False,False,6.741,16594
420,False,/xlDUjb0Q5Dv6jPQRF5VE4IMjIy.jpg,"[18, 80]",311,Once Upon a Time in America,en,Once Upon a Time in America,"A former Prohibition-era Jewish gangster returns to the Lower East Side of Manhattan over thirty years later, where he once again must confront the ghosts and regrets of his old life.",27.341,/i0enkzsL5dPeneWnjl1fCWm6L7k.jpg,1984-05-23,False,False,8.374,6167
421,False,/8MUZz7oPXQftFTslZpRP3CVMOoq.jpg,"[18, 878, 9648]",329865,Arrival,en,Arrival,"Taking place after alien crafts land around the world, an expert linguist is recruited by the military to determine whether they come in peace or are a threat.",23.4501,/pEzNVQfdzYDzVK0XqxERIw2x2se.jpg,2016-11-10,False,False,7.633,19760
422,False,/7yYR8ulZdXBXFKmxGw1Uk28jnyH.jpg,"[18, 10749]",741110,Dreamchild,fr,L'Enfant rêvé,"François and Noémie run a sawmill in the mountains not far from the Swiss border. François has taken over his family's business, making him the fourth generation. He dreams of having a child. After years of failed fertility assistance, they give up on having a baby of their own and turn to adoption. But then François meets Patricia, new to the neighborhood. They begin a passionate affair. Soon after, Patricia gets pregnant.",14.9033,/mdLNmqIehGximKCHZre65hCcYxb.jpg,2020-10-07,False,False,5.554,28
423,False,/gJbTXKNTL6O7r7PzF6ZRkJGBlPp.jpg,"[27, 9648, 53]",493922,Hereditary,en,Hereditary,"Following the death of the Leigh family matriarch, Annie and her children uncover disturbing secrets about their heritage. Their daily lives are not only impacted, but they also become entangled in a chilling fate from which they cannot escape, driving them to the brink of madness.",18.3178,/4GFPuL14eXi66V96xBWY73Y9PfR.jpg,2018-06-07,False,False,7.294,8829
424,False,/vmdt6nUXYX4mM0Ahcvh4bgHOjUt.jpg,"[28, 18]",1292415,Beast,en,Beast,"MMA legend Patton James, now a commercial fisherman, is pulled back into the cage when his brother is in danger. Reuniting with his old coach Sammy, he commits to one final fight in one championship against the brutal champion Xavier Grau.",22.0424,/7NrvUI3vnW8H3rD7ExKcTL7KRcQ.jpg,2026-04-10,False,False,7.3,150
425,False,/nzSjTiecdosBfwMGAdpt9CxltCI.jpg,[27],377,A Nightmare on Elm Street,en,A Nightmare on Elm Street,"Teenagers in a small town are dropping like flies, apparently in the grip of mass hysteria causing their suicides. A cop's daughter, Nancy Thompson, traces the cause to child molester Fred Krueger, who was burned alive by angry parents many years before. Krueger has now come back in the dreams of his killers' children, claiming their lives as his revenge. Nancy and her boyfriend, Glen, must devise a plan to lure the monster out of the realm of nightmares and into the real world...",21.5893,/wGTpGGRMZmyFCcrY2YoxVTIBlli.jpg,1984-11-09,False,False,7.351,5882
426,False,/zT5S4GNs8Eu2gIkGORoN6yC1uE2.jpg,"[16, 28, 9648, 80]",1545621,Detective Conan: Fallen Angel of the Highway,ja,名探偵コナン ハイウェイの堕天使,"When a string of deadly highway incidents begin, Conan Edogawa's investigations point towards an orchestrated plot rather than mere accidents. As he uncovers a conspiracy involving hidden identities and advanced technology, the case escalates into a high-speed race against time to stop a calculating mastermind before more lives are lost.",20.9084,/vvOk7a7k7Sp6UdHcqV4baRlK6CC.jpg,2026-04-10,False,False,7.667,18
427,False,/k24eZq5I3jyz4htPkZCRpnUmBzE.jpg,"[18, 10749]",1156593,Your Fault,es,Culpa tuya,The love between Noah and Nick seems unwavering despite their parents' attempts to separate them. But his job and her entry into college open up their lives to new relationships that will shake the foundations of both their relationship and the Leister family itself.,20.3629,/1sQA7lfcF9yUyoLYC0e6Zo3jmxE.jpg,2024-12-26,False,False,7.087,1618
428,False,/8HbNKB2pMiD3mfLgbxe7DgAKjdS.jpg,[27],1173559,Insidious Inferno,en,Insidious Inferno,A secluded cottage is plagued by gruesome murders and unbeknownst to the inhabitants something other worldly lurks within the halls. Can the couple solve the mystery of the cursed grounds in time or will they open the door to the inferno?,21.3199,/8kljUAovBatZRYp2ye2RZr239hU.jpg,2024-11-29,False,False,4.8,31
429,False,/xuLA0pii2IMJW2puT7EvJtgpg0H.jpg,"[28, 12, 10751, 35]",675353,Sonic the Hedgehog 2,en,Sonic the Hedgehog 2,"After settling in Green Hills, Sonic is eager to prove he has what it takes to be a true hero. His test comes when Dr. Robotnik returns, this time with a new partner, Knuckles, in search for an emerald that has the power to destroy civilizations. Sonic teams up with his own sidekick, Tails, and together they embark on a globe-trotting journey to find the emerald before it falls into the wrong hands.",23.1925,/6DrHO1jr3qVrViUO6s6kFiAGM7.jpg,2022-03-30,False,False,7.421,5985
430,False,/mxdiaM2tsx8M6W3zLgiPwAkhQfq.jpg,"[18, 10749]",744275,After We Fell,en,After We Fell,"Just as Tessa's life begins to become unglued, nothing is what she thought it would be. Not her friends nor her family. The only person that she should be able to rely on is Hardin, who is furious when he discovers the massive secret that she's been keeping. Before Tessa makes the biggest decision of her life, everything changes because of revelations about her family.",21.9825,/dU4HfnTEJDf9KvxGS9hgO7BVeju.jpg,2021-09-01,False,False,6.995,2773
431,False,/hT3OqvzMqCQuJsUjZnQwA5NuxgK.jpg,[53],985939,Fall,en,Fall,"For best friends Becky and Hunter, life is all about conquering fears and pushing limits. But after they climb 2,000 feet to the top of a remote, abandoned radio tower, they find themselves stranded with no way down. Now Becky and Hunter's expert climbing skills will be put to the ultimate test as they desperately fight to survive the elements, a lack of supplies, and vertigo-inducing heights.",20.4879,/spCAxD99U1A6jsiePFoqdEcY0dG.jpg,2022-08-11,False,False,7.146,4805
432,False,/nVodCGKYLpqNC8YwQAbivKlWCgZ.jpg,"[28, 12, 14]",293167,Kong: Skull Island,en,Kong: Skull Island,"Explore the mysterious and dangerous home of the king of the apes as a team of explorers ventures deep inside the treacherous, primordial island.",24.4706,/r2517Vz9EhDhj88qwbDVj8DCRZN.jpg,2017-03-08,False,False,6.558,11303
433,False,/7Wev9JMo6R5XAfz2KDvXb7oPMmy.jpg,"[9648, 53]",77,Memento,en,Memento,"Leonard Shelby is tracking down the man who raped and murdered his wife. The difficulty of locating his wife's killer, however, is compounded by the fact that he suffers from a rare, untreatable form of short-term memory loss. Although he can recall details of life before his accident, Leonard cannot remember what happened fifteen minutes ago, where he's going, or why.",22.9314,/nzlv62aC0octS5AklAiWpXLX9Z0.jpg,2000-10-11,False,False,8.174,16641
434,False,/7B72d6f09eIifSgkpCkzwkv8fle.jpg,"[18, 10749]",1002398,Virgin,tl,Donselya,"Iris, an 18-year old virgin marries Joaquin, a rich widower, because of money. However, when he learns that Iris is not really a virgin, their honeymoon turns to a bloodbath.",21.0452,/iVS3ZiPsKy8Hhc5Dipqgrjmoj2b.jpg,2024-10-29,False,False,6.3,27
435,False,/mufF1aYvwdpKerhq5R1YrVcbJLY.jpg,"[27, 53, 9648]",539,Psycho,en,Psycho,"When larcenous real estate clerk Marion Crane goes on the lam with a wad of cash and hopes of starting a new life, she ends up at the notorious Bates Motel, where manager Norman Bates cares for his housebound mother.",20.5281,/yz4QVqPx3h1hD1DfqqQkCq3rmxW.jpg,1960-06-22,False,False,8.408,11200
436,False,/v0NEB75SZjxY8GS3ho8WeEvjIT3.jpg,"[27, 9648]",680493,Return to Silent Hill,en,Return to Silent Hill,"When James receives a mysterious letter from his lost love Mary, he is drawn to Silent Hill—a once-familiar town now consumed by darkness. As he searches for her, James faces monstrous creatures and unravels a terrifying truth that will push him to the edge of his sanity.",22.2132,/mdw7bSnE11WpwWf3ViXtnavuqiT.jpg,2026-01-21,False,False,5.393,803
437,False,/9uddYYTNcLWpzUkl5iw1RUYhLhY.jpg,"[80, 18]",103,Taxi Driver,en,Taxi Driver,"Suffering from insomnia, disturbed loner Travis Bickle takes a job as a New York City cabbie, haunting the streets nightly, growing increasingly detached from reality as he dreams of cleaning up the filthy city.",19.7982,/ekstpH614fwDX8DUln1a2Opz0N8.jpg,1976-02-09,False,False,8.122,13710
438,False,/AdKA2F1SzYPhSZdEbjH1Zh75UVQ.jpg,"[27, 53]",694,The Shining,en,The Shining,"Jack Torrance accepts a caretaker job at the Overlook Hotel, where he, along with his wife Wendy and their son Danny, must live isolated from the rest of the world for the winter. But they aren't prepared for the madness that lurks within.",24.7483,/uAR0AWqhQL1hQa69UDEbb2rE5Wx.jpg,1980-05-23,False,False,8.201,19265
439,False,/ss0Os3uWJfQAENILHZUdX8Tt1OC.jpg,"[28, 12, 878]",545611,Everything Everywhere All at Once,en,Everything Everywhere All at Once,"An aging Chinese immigrant is swept up in an insane adventure, where she alone can save what's important to her by connecting with the lives she could have led in other universes.",20.7754,/u68AjlvlutfEIcpmbYpKcdi09ut.jpg,2022-03-24,False,False,7.71,8317
440,False,/1jHxkVXMI5s3vRiyiZooUy1shB5.jpg,"[12, 14, 28]",285,Pirates of the Caribbean: At World's End,en,Pirates of the Caribbean: At World's End,"After losing Captain Jack Sparrow to the locker of Davy Jones, Will Turner, Elizabeth Swann, and Captain Barbossa journey to the ends of the earth to rescue him. And as the East India Trading Company tightens its grip on the seas under Lord Cutler Beckett—now in control of Davy Jones—the fate of piracy hangs by a thread. Now, they must unite the pirate lords for one final stand. But as loyalties are tested and alliances shift, each must ultimately choose where they stand in the battle for freedom on the high seas.",23.4742,/jGWpG4YhpQwVmjyHEGkxEkeRf0S.jpg,2007-05-19,False,False,7.277,15745
441,False,/stmYfCUGd8Iy6kAMBr6AmWqx8Bq.jpg,"[28, 878, 35, 10751]",454626,Sonic the Hedgehog,en,Sonic the Hedgehog,"Powered with incredible speed, Sonic The Hedgehog embraces his new home on Earth. That is, until Sonic sparks the attention of super-uncool evil genius Dr. Robotnik. Now it’s super-villain vs. super-sonic in an all-out race across the globe to stop Robotnik from using Sonic’s unique power for world domination.",21.4749,/aQvJ5WPzZgYVDrxLX4R6cLJCEaQ.jpg,2020-02-12,False,False,7.274,10534
442,False,/usuRn9DUKQQr4nBWnrQzlOuZ1Q4.jpg,"[36, 18, 53, 10752]",205596,The Imitation Game,en,The Imitation Game,"Based on the real life story of legendary cryptanalyst Alan Turing, the film portrays the nail-biting race against time by Turing and his brilliant team of code-breakers at Britain's top-secret Government Code and Cypher School at Bletchley Park, during the darkest days of World War II.",24.0016,/zSqJ1qFq8NXFfi7JeIYMlzyR0dx.jpg,2014-11-14,False,False,7.981,18332
443,False,/uzIGtyS6bbnJzGsPL93WCF1FWm8.jpg,"[12, 28, 14]",1865,Pirates of the Caribbean: On Stranger Tides,en,Pirates of the Caribbean: On Stranger Tides,"When Jack crosses paths with a woman from his past, he's not sure if it's love...or if she's a ruthless con artist using him to find the fabled Fountain of Youth.",22.4149,/keGfSvCmYj7CvdRx36OdVrAEibE.jpg,2011-05-15,False,False,6.573,15175
444,False,/7NRGAtu8E4343NSKwhkgmVRDINw.jpg,"[27, 53]",507089,Five Nights at Freddy's,en,Five Nights at Freddy's,"Recently fired and desperate for work, a troubled young man named Mike agrees to take a position as a night security guard at an abandoned theme restaurant: Freddy Fazbear's Pizzeria. But he soon discovers that nothing at Freddy's is what it seems.",22.5101,/7BpNtNfxuocYEVREzVMO75hso1l.jpg,2023-10-25,False,False,7.282,5156
445,False,/4HWAQu28e2yaWrtupFPGFkdNU7V.jpg,"[35, 80, 9648]",546554,Knives Out,en,Knives Out,"When renowned crime novelist Harlan Thrombey is found dead at his estate just after his 85th birthday, the inquisitive and debonair Detective Benoit Blanc is mysteriously enlisted to investigate. From Harlan's dysfunctional family to his devoted staff, Blanc sifts through a web of red herrings and self-serving lies to uncover the truth behind Harlan's untimely death.",23.4046,/pThyQovXQrw2m0s9x82twj48Jq4.jpg,2019-11-27,False,False,7.842,14385
446,False,/kwNIQW7egAmI66sb0zIugMbpCfU.jpg,"[28, 53, 80]",1306368,The Rip,en,The Rip,"Trust frays when a team of Miami cops discovers millions in cash inside a run-down stash house, calling everyone — and everything — into question.",21.6951,/4wsYWH73Hb1B6noGIFaRQSAkuXj.jpg,2026-01-13,False,False,7.091,1861
447,False,/hNsYUryiwxcdeTMkaBcPF3iEg0p.jpg,"[878, 28]",335983,Venom,en,Venom,"Investigative journalist Eddie Brock attempts a comeback following a scandal, but accidentally becomes the host of Venom, a violent, super powerful alien symbiote. Soon, he must rely on his newfound powers to protect the world from a shadowy organization looking for a symbiote of their own.",23.4713,/2uNW4WbgBXL25BAbXGLnLqX71Sw.jpg,2018-09-28,False,False,6.824,17508
448,False,/w5IDXtifKntw0ajv2co7jFlTQDM.jpg,"[878, 9648, 12]",62,2001: A Space Odyssey,en,2001: A Space Odyssey,"Humanity finds a mysterious object buried beneath the lunar surface and sets off to find its origins with the help of HAL 9000, the world's most advanced super computer.",21.3732,/ve72VxNqjGM69Uky4WTo2bK6rfq.jpg,1968-04-02,False,False,8.046,12861
449,False,/pYgj8e2Y6RufnSyOA6OnzmxFXxZ.jpg,"[27, 18, 9648]",530385,Midsommar,en,Midsommar,"Several friends travel to Sweden to study as anthropologists a summer festival that is held every ninety years in the remote hometown of one of them. What begins as a dream vacation in a place where the sun never sets, gradually turns into a dark nightmare as the mysterious inhabitants invite them to participate in their disturbing festive activities.",21.1923,/7LEI8ulZzO5gy9Ww2NVCrKmHeDZ.jpg,2019-07-03,False,False,7.144,8341
450,False,/yBDvgpyynDsbMyK21FoQu1c2wYR.jpg,"[9648, 80, 53]",870028,The Accountant²,en,The Accountant²,"When an old acquaintance is murdered, Wolff is compelled to solve the case. Realizing more extreme measures are necessary, Wolff recruits his estranged and highly lethal brother, Brax, to help. In partnership with Marybeth Medina, they uncover a deadly conspiracy, becoming targets of a ruthless network of killers who will stop at nothing to keep their secrets buried.",16.4334,/lUvfTcOZiK0sdcX0WNLPbMyKjGm.jpg,2025-04-23,False,False,7.077,1899
451,False,/v23fWgJUEt8EMmvn19btIacxP8E.jpg,"[10749, 14, 16]",3933,Corpse Bride,en,Corpse Bride,"In a 19th-century European village, a young man about to be married is whisked away to the underworld and wed to a mysterious corpse bride, while his real bride waits bereft in the land of the living.",22.246,/3RAoVTxUk1OzZClscAsynuu670p.jpg,2005-09-12,False,False,7.6,10365
452,False,/uzzTystB8lL0mRDII5Sfs5HxgkI.jpg,"[35, 12, 14, 16, 10751]",10192,Shrek Forever After,en,Shrek Forever After,"A midlife-crisis burdened Shrek, longing for the days when he felt like a real ogre, makes a pact with magic deal-maker Rumpelstiltskin. But when he's duped and sent to a twisted version of Far Far Away—where Rumpelstiltskin is king, ogres are hunted, and he and Fiona have never met—he sets out to restore his world and reclaim his true love.",21.0986,/6HrfPZtKcGmX2tUWW3cnciZTaSD.jpg,2010-05-16,False,False,6.413,8089
453,False,/8pwIhymsxfAVjrAE7syDjQULn37.jpg,"[16, 35, 10751, 12]",425,Ice Age,en,Ice Age,"Manny the mammoth, Sid the loquacious sloth, and Diego the sabre-toothed tiger go on a comical quest to return a human baby back to his father, across a world on the brink of an ice age.",22.9219,/gLhHHZUzeseRXShoDyC4VqLgsNv.jpg,2002-03-14,False,False,7.383,14551
454,False,/70AV2Xx5FQYj20labp0EGdbjI6E.jpg,"[53, 80, 18]",637649,Wrath of Man,en,Wrath of Man,"A cold and mysterious new security guard for a Los Angeles cash truck company surprises his co-workers when he unleashes precision skills during a heist. The crew is left wondering who he is and where he came from. Soon, the marksman's ultimate motive becomes clear as he takes dramatic and irrevocable steps to settle a score.",22.1392,/M7SUK85sKjaStg4TKhlAVyGlz3.jpg,2021-04-22,False,False,7.6,6258
455,False,/uvitbjFU4JqvMwIkMWHp69bmUzG.jpg,"[18, 80]",598,City of God,pt,Cidade de Deus,"In the poverty-stricken favelas of Rio de Janeiro in the 1970s, two young men choose different paths. Rocket is a budding photographer who documents the increasing drug-related violence of his neighborhood, while José “Zé” Pequeno is an ambitious drug dealer diving into a dangerous life of crime.",19.3875,/k7eYdWvhYQyRQoU2TB2A2Xu2TfD.jpg,2002-08-30,False,False,8.426,8381
456,False,/4kix6fAblJIH6eMs0Ku2loyZJXK.jpg,"[28, 53, 878]",679,Aliens,en,Aliens,"Ripley, the sole survivor of the Nostromo's deadly encounter with the monstrous Alien, returns to Earth after drifting through space in hypersleep for 57 years. Although her story is initially met with skepticism, she agrees to accompany a team of Colonial Marines back to LV-426.",18.5632,/r1x5JGpyqZU8PYhbs4UcrO1Xb6x.jpg,1986-07-18,False,False,7.965,11101
457,False,/8ohobj5lAIbl5XWw11FywS3IRrS.jpg,"[16, 35, 10751, 14, 10749]",809,Shrek 2,en,Shrek 2,"Happily ever after never seemed so far far away when a trip to meet the in-laws turns into a hilariously twisted adventure for Shrek and Fiona. With the help of ever-faithful Donkey, Shrek takes on the potion-brewing Fairy Godmother, pompous Prince Charming, and infamous ogre-killer Puss In Boots.",21.5525,/2yYP0PQjG8zVqturh1BAqu2Tixl.jpg,2004-05-19,False,False,7.327,13698
458,False,/5oaMV2q0qzxkIW2ukU3lldLu5q2.jpg,"[53, 18, 80]",1359,American Psycho,en,American Psycho,"A wealthy New York investment banking executive hides his alternate psychopathic ego from his co-workers and friends as he escalates deeper into his illogical, gratuitous fantasies.",19.3064,/9uGHEgsiUXjCNq8wdq4r49YL8A1.jpg,2000-04-13,False,False,7.402,12613
459,False,/hEQYZq2CDB2LSJVxxlazdBOKeyW.jpg,"[37, 18, 12]",281957,The Revenant,en,The Revenant,"In the 1820s, a frontiersman, Hugh Glass, sets out on a path of vengeance against those who left him for dead after a bear mauling.",19.5145,/ji3ecJphATlVgWNY0B0RVXZizdf.jpg,2015-12-25,False,False,7.54,19616
460,False,/hEQYZq2CDB2LSJVxxlazdBOKeyW.jpg,"[37, 18, 12]",281957,The Revenant,en,The Revenant,"In the 1820s, a frontiersman, Hugh Glass, sets out on a path of vengeance against those who left him for dead after a bear mauling.",19.5145,/ji3ecJphATlVgWNY0B0RVXZizdf.jpg,2015-12-25,False,False,7.54,19616
461,False,/aQzXICKh3oaJanWSsSRJ2epB9Z5.jpg,"[18, 10749]",269955,Obsessed,ko,인간중독,"A secret, passionate affair happens in the summer of 1969 between Colonel Jin Pyeong, trapped in a loveless marriage with Soo Jin, and Jong Ga Heun, the Chinese-Korean wife of Captain Kyung Woo Jin.",20.5168,/XdVqGnvRqCQXalcJPDGIeDn7Kj.jpg,2014-05-14,False,False,6.7,82
462,False,/54BOXpX2ieTXMDzHymdDMnUIzYG.jpg,"[27, 53]",1228246,Five Nights at Freddy's 2,en,Five Nights at Freddy's 2,"One year since the supernatural nightmare at Freddy Fazbear's Pizza, the stories about what transpired there have been twisted into a campy local legend, inspiring the town's first ever Fazfest. With the truth kept from her, Abby sneaks out to reconnect with Freddy, Bonnie, Chica, and Foxy, setting into motion a terrifying series of events that will reveal dark secrets about the real origin of Freddy's, and unleash a decades-hidden horror.",23.7598,/udAxQEORq2I5wxI97N2TEqdhzBE.jpg,2025-12-03,False,False,6.595,1146
463,False,/f0ACHVpV707zqu4etZrXnWNdSgL.jpg,"[28, 80, 53]",866398,The Beekeeper,en,The Beekeeper,One man's campaign for vengeance takes on national stakes after he is revealed to be a former operative of a powerful and clandestine organization known as Beekeepers.,24.6237,/A7EByudX0eOzlkQ2FIbogzyazm2.jpg,2024-01-08,False,False,7.3,4483
464,False,/1PXwh3nJzgRkkYnqfWInJNypeL4.jpg,[18],37799,The Social Network,en,The Social Network,"In 2003, Harvard undergrad and computer programmer Mark Zuckerberg begins work on a new concept that eventually turns into the global social network known as Facebook. Six years later, Mark is one of the youngest billionaires ever, but his unprecedented success leads to both personal and legal complications when he ends up on the receiving end of two lawsuits, one involving his former friend.",17.783,/n0ybibhJtQ5icDqTp8eRytcIHJx.jpg,2010-10-01,False,False,7.376,13421
465,False,/w62ppNXR2Jpm1nbIhdxmWqSaetB.jpg,"[18, 27, 53]",133980,Dog Lay Afternoon,it,Bestialità,"A young girl witnesses her mother having sex with the family dog. When her father finds out, he burns the dog alive. She is so traumatized by these incidents that she later turns into a nymphomaniac. She moves to an island and lives there with her own dog, having sex with various guests who visit her.",19.6617,/cOtgea9A4ivV9OzdXsjEwmxLljR.jpg,1976-11-15,False,False,4.5,25
466,False,/xcjJ5khg2yzOa282mza39Lbrm7j.jpg,[27],9552,The Exorcist,en,The Exorcist,"When a mysterious entity possesses a young girl, her mother seeks the help of two Catholic priests to save her life.",18.8078,/5x0CeVHJI8tcDx8tUUwYHQSNILq.jpg,1973-12-26,False,False,7.744,8824
467,False,/5mzr6JZbrqnqD8rCEvPhuCE5Fw2.jpg,"[28, 878, 27]",615656,Meg 2: The Trench,en,Meg 2: The Trench,An exploratory dive into the deepest depths of the ocean of a daring research team spirals into chaos when a malevolent mining operation threatens their mission and forces them into a high-stakes battle for survival.,20.9772,/4m1Au3YkjqsxF8iwQy0fPYSxE0h.jpg,2023-08-02,False,False,6.368,4077
468,False,/qTdCfGyDisY9e8BLycszlyTsPWx.jpg,"[28, 18, 878]",263115,Logan,en,Logan,"In the near future, a weary Logan cares for an ailing Professor X in a hideout on the Mexican border. But Logan's attempts to hide from the world and his legacy are upended when a young mutant arrives, pursued by dark forces.",23.74,/fnbjcRDYn6YviCcePDnGdyAkYsB.jpg,2017-02-28,False,False,7.821,20736
469,False,/2Y6Q7eYDXoolcHjYCAyJQlE2CVT.jpg,"[27, 18, 9648]",1813,The Devil's Advocate,en,The Devil's Advocate,"Aspiring Florida defense lawyer Kevin Lomax accepts a job at a New York law firm. With the stakes getting higher every case, Kevin quickly learns that his boss has something far more evil planned.",19.1953,/5ZzBGpxy55OQzHxKVY11IpY6a0o.jpg,1997-10-17,False,False,7.48,6984
470,False,/mDVnHFcxxUJC9TQFVeKh1TJNBzh.jpg,"[28, 53]",1279493,The Get Out,en,The Get Out,"A nightclub owner is on the verge of leaving his dangerous past behind for retirement with his girlfriend. When masked gunmen rob him and he finds himself squeezed by ruthless cartels, a mysterious newcomer arrives with an interest in buying the business. With danger closing in from all sides, he must navigate a deadly web of deception, power, and survival  -  where escape may no longer be an option.",19.3117,/zlkeH0s7dDxcnuPcHBqAyXFUxqN.jpg,2026-06-18,False,False,6.2,58
471,False,/xV1EfNSEg6id6juJPr1vM6p9x5X.jpg,"[18, 53, 80]",979,Irreversible,fr,Irréversible,A woman’s lover and her ex-boyfriend take justice into their own hands after she becomes the victim of a rapist. Because some acts can’t be undone. Because man is an animal. Because the desire for vengeance is a natural impulse. Because most crimes remain unpunished.,20.5598,/rxeDxo8FvZpLu6iplNpxdtAVnfu.jpg,2002-05-22,False,False,7.171,3401
472,False,/3RFmTz5h2UuFWEV4oH00XICBR9y.jpg,"[18, 53, 80]",146233,Prisoners,en,Prisoners,"After his six-year-old daughter is abducted, a desperate father takes justice into his own hands when he loses faith in the detective leading the investigation, setting both men on a collision course as the search descends into obsession and moral compromise.",20.5359,/uhviyknTT5cEQXbn6vWIqfM4vGm.jpg,2013-09-19,False,False,8.106,13393
473,False,/hy0Hx9fMPk2fmw26Li60z1S2giU.jpg,"[18, 80, 53]",629,The Usual Suspects,en,The Usual Suspects,"Held in an L.A. interrogation room, Verbal Kint attempts to convince the feds that a mythic crime lord, Keyser Soze, not only exists, but was also responsible for drawing him and his four partners into a multi-million dollar heist that ended with an explosion in San Pedro harbor – leaving few survivors. Verbal lures his interrogators with an incredible story of the crime lord's almost supernatural prowess.",20.5597,/99X2SgyFunJFXGAYnDv3sb9pnUD.jpg,1995-07-19,False,False,8.164,11664
474,False,/u6UyFHkkpUGzZec88PYaaamya5E.jpg,"[35, 18]",318846,The Big Short,en,The Big Short,The men who made millions from a global economic meltdown.,19.5084,/scVEaJEwP8zUix8vgmMoJJ9Nq0w.jpg,2015-12-11,False,False,7.37,10020
475,False,/rWYtghaUJSDvQm4jmXiCPXBHUdQ.jpg,"[16, 28, 35, 10751]",324849,The Lego Batman Movie,en,The Lego Batman Movie,"A cooler-than-ever Bruce Wayne must deal with the usual suspects as they plan to rule Gotham City, while discovering that he has accidentally adopted a teenage orphan who wishes to become his sidekick.",19.9746,/e1TliRWOdXQ73pRunbpFiGst6Kd.jpg,2017-02-08,False,False,7.257,5530
476,False,/xyXmtuvsoM5J3yNad0nvcetpBdY.jpg,"[12, 14, 28]",49051,The Hobbit: An Unexpected Journey,en,The Hobbit: An Unexpected Journey,"Bilbo Baggins, a hobbit enjoying his quiet life, is swept into an epic quest by Gandalf the Grey and thirteen dwarves who seek to reclaim their mountain home from Smaug, the dragon.",22.3112,/yHA9Fc37VmpUA5UncTxxo3rTGVA.jpg,2012-12-12,False,False,7.381,19967
477,False,/zNnjHLDtV8Ti3aworltaeaLMov4.jpg,"[80, 18, 53]",242,The Godfather Part III,en,The Godfather Part III,"In the midst of trying to legitimize his business dealings in 1979 New York and Italy, aging mafia don, Michael Corleone seeks forgiveness for his sins while taking a young protege under his wing.",20.2765,/lm3pQ2QoQ16pextRsmnUbG2onES.jpg,1990-12-25,False,False,7.418,7005
478,False,/c0fB9xk7D1aVb3Bg2rk2SVJcGn.jpg,"[18, 10752]",423,The Pianist,en,The Pianist,"The true story of pianist Władysław Szpilman's experiences in Warsaw during the Nazi occupation. When the Jews of the city find themselves forced into a ghetto, Szpilman finds work playing in a café; and when his family is deported in 1942, he stays behind, works for a while as a laborer, and eventually goes into hiding in the ruins of the war-torn city.",19.1172,/2hFvxCCWrTmCYwfy7yum0GKRi3Y.jpg,2002-09-17,False,False,8.4,10371
479,False,/3G1Q5xF40HkUBJXxt2DQgQzKTp5.jpg,"[16, 35, 10751, 14]",568124,Encanto,en,Encanto,"The tale of an extraordinary family, the Madrigals, who live hidden in the mountains of Colombia, in a magical house, in a vibrant town, in a wondrous, charmed place called an Encanto. The magic of the Encanto has blessed every child in the family—every child except one, Mirabel. But when she discovers that the magic surrounding the Encanto is in danger, Mirabel decides that she, the only ordinary Madrigal, might just be her exceptional family's last hope.",18.7641,/4j0PNHkMr5ax3IA8tjtxcmPU3QT.jpg,2021-10-13,False,False,7.6,10356
480,False,/9PRKAdrDvAdCfg3EcApLTfzGsEt.jpg,"[878, 35, 12]",696506,Mickey 17,en,Mickey 17,"Unlikely hero Mickey Barnes finds himself in the extraordinary circumstance of working for an employer who demands the ultimate commitment to the job… to die, for a living.",21.7923,/edKpE9B5qN3e559OuMCLZdW1iBZ.jpg,2025-02-28,False,False,6.833,3857
481,False,/ewuZpFd7zoB8xCtwlRGUU3E599s.jpg,"[10751, 16]",1740877,Storm on Sesame Street,en,Storm on Sesame Street,"In the Storm on Sesame Street special, Elmo and his friends work together to get ready for a big storm, learning how to be prepared, have courage, and calm their bodies and minds when things feel scary. After the storm passes, Sesame Street looks different, and everyone pitches in to help their neighbors rebuild their homes. With the help of the neighborhood, including celebrity guests Post Malone and Michelle Buteau, Elmo and Abby set out to make a difference, and discover that small acts of kindness, and support from friends, can make the biggest difference of all.",18.6262,/w4GrHRGgRQOYG95f2oVLYzGJ4Md.jpg,2026-08-03,False,False,5.857,7
482,False,/tyfO9jHgkhypUFizRVYD0bytPjP.jpg,"[10751, 14]",447273,Snow White,en,Snow White,"Following the benevolent King's disappearance, the Evil Queen dominated the once fair land with a cruel streak. Princess Snow White flees the castle when the Queen, in her jealousy over Snow White's inner beauty, tries to kill her. Deep into the dark woods, she stumbles upon seven magical dwarves and a young bandit named Jonathan. Together, they strive to survive the Queen's relentless pursuit and aspire to take back the kingdom.",20.2065,/oLxWocqheC8XbXbxqJ3x422j9PW.jpg,2025-03-19,False,False,4.275,1714
483,False,/cjRUhKyt2Jo3V1KNzc5tpPNfccG.jpg,"[878, 28, 12]",320288,Dark Phoenix,en,Dark Phoenix,"The X-Men face their most formidable and powerful foe when one of their own, Jean Grey, starts to spiral out of control. During a rescue mission in outer space, Jean is nearly killed when she's hit by a mysterious cosmic force. Once she returns home, this force not only makes her infinitely more powerful, but far more unstable. The X-Men must now band together to save her soul and battle aliens that want to use Grey's new abilities to rule the galaxy.",18.5713,/cCTJPelKGLhALq3r51A9uMonxKj.jpg,2019-06-05,False,False,5.961,7237
484,False,/1fkuBPid72KGS6WmtkEXMftZtkE.jpg,"[80, 18]",875828,Peaky Blinders: The Immortal Man,en,Peaky Blinders: The Immortal Man,"After his estranged son gets embroiled in a Nazi plot, self-exiled gangster Tommy Shelby must return to Birmingham to save his family — and his nation.",18.0584,/gRMalasZEzsZi4w2VFuYusfSfqf.jpg,2026-03-05,False,False,7.195,1174
485,False,/gIClklFGYBe0uiOoiP2vtocJbss.jpg,"[878, 28, 53]",1236153,Mercy,en,Mercy,"In the near future, a detective stands on trial accused of murdering his wife. He has ninety minutes to prove his innocence to the advanced AI Judge he once championed, before it determines his fate.",18.7292,/pyok1kZJCfyuFapYXzHcy7BLlQa.jpg,2026-01-19,False,False,7.088,1622
486,False,/zyqAhNJqwiop5yUOJ8SHV27labY.jpg,"[28, 53, 878]",949536,Kill Code,en,Kill Code,"North America has been divided into four main quadrants. A power-hungry corporation has taken over the conventional prison system and made criminals the new law enforcers.  The owner of that corporation, nanoscientist Eion Prescott, created a nano-virus called Onyx. Which is distributed through deadly watches to criminals. First, infecting them. Then, forcing them into eliminating each other for freedom. Who can topple the corporation's entire system from within?",20.5263,/bXvSKLCillha6wxY0yxoRCM2WQl.jpg,2026-04-16,False,False,4.974,19
487,False,/fyZ6SDUS4o9jp2EHxfZa3qS9ean.jpg,"[18, 10749, 14]",402431,Wicked,en,Wicked,"In the land of Oz, ostracized and misunderstood green-skinned Elphaba is forced to share a room with the popular aristocrat Glinda at Shiz University, and the two's unlikely friendship is tested as they begin to fulfill their respective destinies as Glinda the Good and the Wicked Witch of the West.",20.6266,/xDGbZ0JJ3mYaGKy4Nzd9Kph6M9L.jpg,2024-10-16,False,False,6.903,3194
488,False,/yQUTEvEb5pJi0BH3b1biQRpGvEx.jpg,[27],967998,Fatal Conspiracy,pt,Conspiração Fatal,"Davi Martins, a commercial director of a financial institution, and Juliana Martins, a personal trainer, are a couple trying to recover from a crisis. At work, Davi ends up getting involved in the investigation of a financial scandal, putting himself in the crosshairs of dangerous people. Little by little, Juliana discovers that her new home may not be a new beginning, but the stage for a real nightmare. Some secrets may end her life.",18.1523,/zpj3nNoc5xaUZTIdnuhwXwUcRag.jpg,2022-05-26,False,False,5.8,4
489,False,/jvpkBenB6hv19WWYVlaiow8zklq.jpg,"[10751, 35, 80, 12, 16, 28]",1175942,The Bad Guys 2,en,The Bad Guys 2,"The now-reformed Bad Guys are trying (very, very hard) to be good, but instead find themselves hijacked into a high-stakes, globe-trotting heist, masterminded by a new team of criminals they never saw coming: The Bad Girls.",19.5816,/26oSPnq0ct59l07QOXZKyzsiRtN.jpg,2025-07-24,False,False,7.624,888
490,False,/fl36Z9J81DMOcmTW26UCmzr5LkY.jpg,"[35, 18]",1309725,The Richest Woman in the World,fr,La Femme la plus riche du monde,An elderly billionaire woman gives hundreds of millions of euros to a younger gay artist she is close to. Her daughter files a complaint for abuse of a vulnerable person and a scandal erupts.,19.2249,/95a1udNepqKENUWKdyJeyOM3XLA.jpg,2025-10-29,False,False,6.1,140
491,False,/3zCPI4JFc54xvLaJ71oI2KoP3az.jpg,"[80, 9648, 53]",1949,Zodiac,en,Zodiac,"Over the course of a decade, editors of the San Francisco Chronicle entice themselves in the murders of the Zodiac Killer. However, as time runs its course, interest in the case dwindles in the eyes of the professionals. The Killer stops interacting with the public. However, believing he has the answers, an amateur cartoonist from the initial sightings races against time to prevent what he believes is another murder.",18.5078,/6YmeO4pB7XTh8P8F960O1uA14JO.jpg,2007-03-02,False,False,7.532,11808
492,False,/8Qsr8pvDL3s1jNZQ4HK1d1Xlvnh.jpg,"[14, 12]",259316,Fantastic Beasts and Where to Find Them,en,Fantastic Beasts and Where to Find Them,"In 1926, Newt Scamander arrives at the Magical Congress of the United States of America with a magically expanded briefcase, which houses a number of dangerous creatures and their habitats. When the creatures escape from the briefcase, it sends the American wizarding authorities after Newt, and threatens to strain even further the state of magical and non-magical relations.",19.517,/fLsaFKExQt05yqjoAvKsmOMYvJR.jpg,2016-11-16,False,False,7.309,19913
493,False,/eTvN54pd83TrSEOz6wbsXEJktCV.jpg,"[10752, 28, 53]",882569,Guy Ritchie's The Covenant,en,Guy Ritchie's The Covenant,"After an ambush, Afghan interpreter Ahmed goes to Herculean lengths to save US Army Sergeant John Kinley's life. When Kinley learns that Ahmed and his family were not given safe passage to America as promised, he must return to the war zone and repay his debt.",22.6117,/kVG8zFFYrpyYLoHChuEeOGAd6Ru.jpg,2023-04-19,False,False,7.714,3310
494,False,/7bWxAsNPv9CXHOhZbJVlj2KxgfP.jpg,"[27, 53]",713704,Evil Dead Rise,en,Evil Dead Rise,"A reunion between two estranged sisters gets cut short by the rise of flesh-possessing demons, thrusting them into a primal battle for survival as they face the most nightmarish version of family imaginable.",20.1282,/5ik4ATKmNtmJU6AYD0bLm56BCVM.jpg,2023-04-12,False,False,6.967,3942
495,False,/zBzH8K8T9TGzle7bJHCkxssKkhB.jpg,"[35, 53]",921711,Tamil Rockers,ta,தமிழ் ராக்கர்ஸ்,4 Major characters running for the Money facing more challenges by forgetting the fact that it's not the decision of money to reach human.,23.578,/hOoMQIANxXhRUPkrtSYHYuZaFSm.jpg,2021-12-31,False,False,4.2,5
496,False,/hJ5R9d6QuH3tzr8L8neZZTuzNXm.jpg,"[878, 18, 53]",78,Blade Runner,en,Blade Runner,"In the smog-choked dystopian Los Angeles of 2019, blade runner Rick Deckard is called out of retirement to terminate a quartet of replicants who have escaped to Earth seeking their creator for a way to extend their short life spans.",21.3863,/63N9uy8nd9j7Eog2axPQ8lbr3Wj.jpg,1982-06-25,False,False,7.935,15314
497,False,/zeCuk7kwfhzRZMN2KoYTYODgpU3.jpg,"[53, 18, 9648]",1381027,Good Boy,en,Good Boy,"Tommy, a volatile 19-year-old, revels in drugs, parties and violence. After getting separated from his friends on a drunken bender, he is abducted by a shadowy figure. He wakes to find himself imprisoned in the basement of a remote Yorkshire house, inhabited by a very strange family. But what unfolds is not what he could possibly expect.",19.0253,/eWb841fMkSNly5gfL9J1N0xzVYI.jpg,2026-03-05,False,False,7.3,244
498,False,/sOLgkBKf1gjMRc4yXxM5aciXdfr.jpg,"[16, 12, 35, 10751]",920,Cars,en,Cars,"Lightning McQueen, a hotshot rookie race car driven to succeed, discovers that life is about the journey, not the finish line, when he finds himself unexpectedly detoured in the sleepy Route 66 town of Radiator Springs. On route across the country to the big Piston Cup Championship in California to compete against two seasoned pros, McQueen gets to know the town's offbeat characters.",20.7052,/2Touk3m5gzsqr1VsvxypdyHY5ci.jpg,2006-06-08,False,False,7.047,15416
499,False,/lV1P1Q5gLDXVG1ZYCxZHStkcQC3.jpg,"[878, 12, 53]",131631,The Hunger Games: Mockingjay - Part 1,en,The Hunger Games: Mockingjay - Part 1,"After surviving the Quarter Quell, Katniss finds herself in the hidden stronghold of District 13, where the rebellion against the Capitol is gaining momentum. Struggling with the weight of becoming the symbol of resistance, she must navigate fragile alliances while trying to protect those she loves. As propaganda battles rage and Panem moves closer to full-scale war, Katniss is forced to confront the true cost of revolution.",18.5391,/4FAA18ZIja70d1Tu5hr5cj2q1sB.jpg,2014-11-19,False,False,6.816,16927
500,False,/4V1yIoAKPMRQwGBaSses8Bp2nsi.jpg,"[28, 878]",137113,Edge of Tomorrow,en,Edge of Tomorrow,"Major Bill Cage is an officer who has never seen a day of combat when he is unceremoniously demoted and dropped into combat. Cage is killed within minutes, managing to take an alpha alien down with him. He awakens back at the beginning of the same day and is forced to fight and die again... and again - as physical contact with the alien has thrown him into a time loop.",18.2143,/nBM9MMa2WCwvMG4IJ3eiGUdbPe6.jpg,2014-05-27,False,False,7.642,15412
501,False,/k9pshruhCpJAdH9RaGJO6jaWQ4X.jpg,"[12, 28, 878]",1891,The Empire Strikes Back,en,The Empire Strikes Back,"The epic saga continues as Luke Skywalker, in hopes of defeating the evil Galactic Empire, learns the ways of the Jedi from aging master Yoda. But Darth Vader is more determined than ever to capture Luke. Meanwhile, rebel leader Princess Leia, cocky Han Solo, Chewbacca, and droids C-3PO and R2-D2 are thrown into various stages of capture, betrayal and despair.",21.844,/nNAeTmF4CtdSgMDplXTDPOpYzsX.jpg,1980-05-20,False,False,8.392,18742
502,False,/aGmsekNU5cMOkJMpbdRutkvmVMl.jpg,[35],45243,The Hangover Part II,en,The Hangover Part II,"The Hangover crew heads to Thailand for Stu's wedding. After the disaster of a bachelor party in Las Vegas last year, Stu is playing it safe with a mellow pre-wedding brunch. However, nothing goes as planned and Bangkok is the perfect setting for another adventure with the rowdy group.",18.2207,/cKZu0Fdkj7dmwbfMpgDqVVCkLJQ.jpg,2011-05-25,False,False,6.51,11478
503,False,/wFN8llYh215M8i2fqWAcPV8CSyL.jpg,"[16, 12, 10751, 35]",49519,The Croods,en,The Croods,"The prehistoric Croods family live in a particularly dangerous moment in time. Patriarch Grug, his mate Ugga, teenage daughter Eep, son Thunk, and feisty Gran gather food by day and huddle together in a cave at night. When a more evolved caveman named Guy arrives on the scene, Grug is distrustful, but it soon becomes apparent that Guy is correct about the impending destruction of their world.",19.5068,/27zvjVOtOi5ped1HSlJKNsKXkFH.jpg,2013-03-15,False,False,6.946,7669
504,False,/mabuNsGJgRuCTuGqjFkWe1xdu19.jpg,"[28, 12, 16, 10751]",260513,Incredibles 2,en,Incredibles 2,"Elastigirl springs into action to save the day, while Mr. Incredible faces his greatest challenge yet – taking care of the problems of his three children.",18.9326,/9lFKBtaVIhP7E2Pk0IY1CwTKTMZ.jpg,2018-06-14,False,False,7.453,13891
505,False,/hmZnqijPaaACjenDkrbWcCmcADI.jpg,[18],549509,The Brutalist,en,The Brutalist,"When an innovative modern architect flees post-war Europe, he is given the opportunity to rebuild his legacy. Set during the dawn of the modern United States (in Pennsylvania), his wife joins him, and their lives are forever changed by a demanding, wealthy patron.",24.9932,/vP7Yd6couiAaw9jgMd5cjMRj3hQ.jpg,2024-12-20,False,False,6.933,1766
506,False,/bvk2AAH64lP2YZs02Q3jskfHT8j.jpg,"[28, 53]",562,Die Hard,en,Die Hard,"High above the city of L.A. a team of terrorists has seized a building, taken hostages, and declared war. One man has manages to escape... An off-duty cop hiding somewhere inside. He's alone, tired... and the only chance anyone has got.",20.003,/7Bjd8kfmDSOzpmhySpEhkUyK2oH.jpg,1988-07-15,False,False,7.815,12542
507,False,/ikaRI4yMxKOje5SmOlAhOBUnicL.jpg,"[27, 9648]",270303,It Follows,en,It Follows,A young woman is followed by an unknown supernatural force after a sexual encounter.,17.5064,/iwnQ1JH1wdWrGYkgWySptJ5284A.jpg,2015-02-04,False,False,6.578,7097
508,False,/iFaWUETEE2umP1WY0LUAmjSpzm7.jpg,"[28, 35, 18, 53]",787,Mr. & Mrs. Smith,en,Mr. & Mrs. Smith,"A husband and wife struggle to keep their marriage alive until they realize they are both secretly working as assassins. Now, their respective assignments require them to kill each other.",20.8726,/kjD700RtyhveN3ZbOnSvUSne0Qj.jpg,2005-06-07,False,False,6.693,11423
509,False,/yvPbncYhMu9FfTjDhq0N5lgnVkO.jpg,"[35, 10749, 18]",4951,10 Things I Hate About You,en,10 Things I Hate About You,"On the first day at his new school, Cameron instantly falls for Bianca, the gorgeous girl of his dreams. The only problem is that Bianca is forbidden to date until her ill-tempered, completely un-dateable older sister Kat goes out, too. In an attempt to solve his problem, Cameron singles out the only guy who could possibly be a match for Kat: a mysterious bad boy with a nasty reputation of his own.",19.2037,/ujERk3aKABXU3NDXOAxEQYTHe9A.jpg,1999-03-30,False,False,7.597,9086
510,False,/hCxxOJojCUFyuahDx167glJgp7E.jpg,"[28, 53, 18]",1368,First Blood,en,First Blood,"When former Green Beret John Rambo is harassed by local law enforcement and arrested for vagrancy, he is forced to flee into the mountains and wage an escalating one-man war against his pursuers.",18.9431,/a9sa6ERZCpplbPEO7OMWE763CLD.jpg,1982-10-22,False,False,7.515,7045
511,False,/4cd9YihTHx1j8oRdlwEa1emKiAl.jpg,"[35, 18]",81774,Exploits of a Young Don Juan,fr,Les Exploits d'un jeune Don Juan,"In 1914, sixteen year old Roger returned home from boarding school during vacation to find his puberty hit hard in a house filled with beautiful women. These women have previous engagements with other men who are away, and during this time, Roger impregnates them all, including his aunt and sister, then devises plans to cuckold the men.",20.5877,/xvtRgQIRegLjsjaIkKQbh0hk3Qy.jpg,1986-11-04,False,False,6.146,329
512,False,/sfW8gtA6Bz2F4zK1FoCKbMqTF8Z.jpg,"[18, 80]",640,Catch Me If You Can,en,Catch Me If You Can,"A true story about Frank Abagnale Jr. who, before his 19th birthday, successfully conned millions of dollars worth of checks as a Pan Am pilot, doctor, and legal prosecutor. An FBI agent makes it his mission to put him behind bars. But Frank not only eludes capture, he revels in the pursuit.",21.039,/ctjEj2xM32OvBXCq8zAdK3ZrsAj.jpg,2002-12-16,False,False,7.978,17443
513,False,/wvlIoof1FnKPLv9jAYanuP31V0C.jpg,"[878, 28, 53]",87101,Terminator Genisys,en,Terminator Genisys,"The year is 2029. John Connor, leader of the resistance continues the war against the machines. At the Los Angeles offensive, John's fears of the unknown future begin to emerge when TECOM spies reveal a new plot by SkyNet that will attack him from both fronts; past and future, and will ultimately change warfare forever.",20.0148,/oZRVDpNtmHk8M1VYy1aeOWUXgbC.jpg,2015-06-23,False,False,5.958,9131
514,False,/jXDselREPq8TOVGM4dzBBUM7xVk.jpg,"[28, 878, 12]",399579,Alita: Battle Angel,en,Alita: Battle Angel,"When Alita awakens with no memory of who she is in a future world she does not recognize, she is taken in by Ido, a compassionate doctor who realizes that somewhere in this abandoned cyborg shell is the heart and soul of a young woman with an extraordinary past.",20.5265,/xRWht48C2V8XNfzvPehyClOvDni.jpg,2019-01-31,False,False,7.272,10312
515,False,/z3bzhmC0CPikWeerUkLO73YvGrC.jpg,"[28, 53, 27]",1084187,Pretty Lethal,en,Pretty Lethal,A troupe of ballerinas find themselves fighting for survival as they attempt to escape from a remote inn after their bus breaks down on the way to a dance competition.,18.8457,/znTPnXCK3lEQJgqXCvP7e5FUz6f.jpg,2026-03-13,False,False,6.772,485
516,False,/sdwjQEM869JFwMytTmvr6ggvaUl.jpg,"[53, 9648]",670,Oldboy,ko,올드보이,"With no clue how he came to be imprisoned, drugged and tortured for 15 years, a desperate man seeks revenge on his captors.",18.4665,/pWDtjs568ZfOTMbURQBYuT4Qxka.jpg,2003-11-21,False,False,8.236,10126
517,False,/xBwtP27cx8WfjHJVFkpuV6F1RES.jpg,"[10752, 18]",49046,All Quiet on the Western Front,de,Im Westen nichts Neues,"Paul Baumer and his friends Albert and Muller, egged on by romantic dreams of heroism, voluntarily enlist in the German army. Full of excitement and patriotic fervour, the boys enthusiastically march into a war they believe in. But once on the Western Front, they discover the soul-destroying horror of World War I.",18.0674,/2IRjbi9cADuDMKmHdLK7LaqQDKA.jpg,2022-10-07,False,False,7.743,4865
518,False,/gM1kQRPwOVW1Eos5tVWqcYmHR5S.jpg,"[27, 9648]",1470130,The Mortuary Assistant,en,The Mortuary Assistant,"Rebecca Owens, a recent mortuary science graduate takes a night shift job at River Fields Mortuary. Initially, the job seems straightforward — embalming bodies, completing paperwork, and keeping things tidy. But once Rebecca starts working the night shift, things take a dark turn.",17.285,/7k7hY1HqUYryPdRio0fuDMaIq4N.jpg,2026-02-13,False,False,5.4,136
519,False,/9FrpAtF87VKblKkDEiIZzYgO40K.jpg,"[28, 35, 80]",2109,Rush Hour,en,Rush Hour,"When Hong Kong Inspector Lee is summoned to Los Angeles to investigate a kidnapping, the FBI doesn't want any outside help and assigns cocky LAPD Detective James Carter to distract Lee from the case. Not content to watch the action from the sidelines, Lee and Carter form an unlikely partnership and investigate the case themselves.",18.0885,/nwPhAsfnb7f46bZkWLG7IRP5HXr.jpg,1998-09-18,False,False,7.082,5851
520,False,/9FrpAtF87VKblKkDEiIZzYgO40K.jpg,"[28, 35, 80]",2109,Rush Hour,en,Rush Hour,"When Hong Kong Inspector Lee is summoned to Los Angeles to investigate a kidnapping, the FBI doesn't want any outside help and assigns cocky LAPD Detective James Carter to distract Lee from the case. Not content to watch the action from the sidelines, Lee and Carter form an unlikely partnership and investigate the case themselves.",18.0885,/nwPhAsfnb7f46bZkWLG7IRP5HXr.jpg,1998-09-18,False,False,7.082,5851
521,False,/o8ZS811VjYbBi4pRYwILLdWCVey.jpg,[35],109439,The Hangover Part III,en,The Hangover Part III,"This time, there's no wedding. No bachelor party. What could go wrong, right? But when the Wolfpack hits the road, all bets are off.",19.179,/vtxuPWkdllLNLVyGjKYa267ntuH.jpg,2013-05-23,False,False,6.212,9388
522,False,/4w6nQYAY0eb7B0VVRDXilXcgAUV.jpg,"[80, 27, 9648]",4232,Scream,en,Scream,"A year after the murder of her mother, a teenage girl is terrorized by a masked killer who targets her and her friends by using scary movies as part of a deadly game.",18.384,/lr9ZIrmuwVmZhpZuTCW8D9g0ZJe.jpg,1996-12-20,False,False,7.4,8176
523,False,/3WK7p9EdZmmvB1IbB2Vw9Rf4lXH.jpg,"[18, 10749]",296096,Me Before You,en,Me Before You,"Lou Clark, a directionless 26-year-old from the English countryside, takes a job at the local castle as a caregiver and companion to a wealthy young banker, Will Traynor. Wheelchair-bound from an accident two years prior, the once adventurous Will has all but given up — that is until Lou determines to show him that life is worth living.",19.3421,/Ia3dzj5LnCj1ZBdlVeJrbKJQxG.jpg,2016-06-01,False,False,7.929,13502
524,False,/ihOJcrorpDQtHTzIOrobbOhpJsj.jpg,"[12, 28, 53, 878]",604,The Matrix Reloaded,en,The Matrix Reloaded,"The Resistance builds in numbers as humans are freed from the Matrix and brought to the city of Zion. Neo discovers his superpowers, including the ability to see the code inside the Matrix. With machine sentinels digging to Zion in 72 hours, Neo, Morpheus and Trinity must find the Keymaker to ultimately reach the Source.",19.7974,/aA5qHS0FbSXO8PxcxUIHbDrJyuh.jpg,2003-05-15,False,False,7.087,12227
525,False,/fKPgObonYgPgCdu88yjV7Hpn7Dp.jpg,"[28, 80, 53]",273481,Sicario,en,Sicario,An idealistic FBI agent is enlisted by a government task force to aid in the escalating war against drugs at the border area between the U.S. and Mexico.,20.1757,/lz8vNyXeidqqOdJW9ZjnDAMb5Vr.jpg,2015-09-17,False,False,7.427,9792
526,False,/zX7OumD2yMokKCp4DyGRGm1L659.jpg,[28],1250880,西部狂野,zh,西部狂野,,15.8109,/2TsS7sLx3DOW2K9MmDjXnM3TJy9.jpg,1992-02-27,False,False,0.0,0
527,False,/wa0UGYppc6uWOdVow4Ko2CG4jk9.jpg,"[80, 27, 53]",73861,A Serbian Film,sr,Srpski film,"Retired porn star Milos leads a normal family life trying to make ends meet. Presented with the opportunity of a lifetime to financially support his family for the rest of their lives, Milos must participate in one last mysterious film. From then on, Milos is drawn into a maelstrom of unbelievable cruelty and mayhem.",20.9217,/yIQqiw3Az5QYNHLCUoCTtxXH24G.jpg,2010-01-06,False,False,5.452,2254
528,False,/swxhEJsAWms6X1fDZ4HdbvYBSf9.jpg,"[12, 35, 27]",1234731,Anaconda,en,Anaconda,"A group of friends facing mid-life crises head to the rainforest with the intention of remaking their favorite movie from their youth, only to find themselves in a fight for their lives against natural disasters, giant snakes and violent criminals.",18.8291,/hBxN6dwrANN1ic3a4G9x6JZcR3C.jpg,2025-12-24,False,False,5.807,1404
529,False,/ztiFxuG0gC6wQ8y7JZFYbCQyN4Y.jpg,"[16, 35, 10751, 10402]",438695,Sing 2,en,Sing 2,"Buster and his new cast now have their sights set on debuting a new show at the Crystal Tower Theater in glamorous Redshore City. But with no connections, he and his singers must sneak into the Crystal Entertainment offices, run by the ruthless wolf mogul Jimmy Crystal, where the gang pitches the ridiculous idea of casting the lion rock legend Clay Calloway in their show. Buster must embark on a quest to find the now-isolated Clay and persuade him to return to the stage.",17.8708,/aWeKITRFbbwY8txG5uCj4rMCfSP.jpg,2021-12-01,False,False,7.831,4879
530,False,/jLuGZc84MvPYCQomQg9DI72mstt.jpg,"[12, 80, 9648]",1202033,Enola Holmes 3,en,Enola Holmes 3,"Adventure follows detective Enola Holmes to Malta, where her plans to tie the knot unravel when Sherlock's disappearance plunges her into a perilous case.",19.5053,/7kRYHH9H9PjBFwz1FprbHB2AAjI.jpg,2026-06-30,False,False,6.792,631
531,False,/mQOUyqDybTqxl73hO5LujCZsM1o.jpg,"[28, 53, 878]",577922,Tenet,en,Tenet,"Armed with only one word - Tenet - and fighting for the survival of the entire world, the Protagonist journeys through a twilight world of international espionage on a mission that will unfold in something beyond real time.",19.6257,/aCIFMriQh8rvhxpN1IWGgvH0Tlg.jpg,2020-08-22,False,False,7.2,11427
532,False,/AaUpn8zfBmCy6TRNcS29yLWmEh1.jpg,"[18, 10749]",853033,Adultery Alumni Association 2,ko,불륜 동창회 2,"Hye Jin, Hee Kyung, and Han Hee who are among the high school alumni. They met at the alumni meeting and heard that the male alumni who did not have a chance to study during their school days were greatly successful as an investment company. And after seeing the settlement a few days later, I am happy to share my memories, but in fact, their purpose (?) Is separate. They are difficult to afford, and they want to get help from Zhengzhou. Since then, Zhengzhou has been enjoying the love of female alumni.",19.2017,/wJHAEuL4ObSAp33T2iADrti0fAM.jpg,2019-02-18,False,False,4.7,41
533,False,/tH2SoOS2HqOJCOImbeGkmKSdCMz.jpg,"[12, 18, 10751]",1265,Bridge to Terabithia,en,Bridge to Terabithia,"Jesse Aarons trained all summer to become the fastest runner in school. So he's very upset when newcomer Leslie Burke outruns him and everyone else. Despite this and other differences including that she's rich, he's poor, she's a city girl, and he's a country boy the two become fast friends. Together they create Terabithia, a land of monsters, trolls, ogres, and giants where they rule as king and queen.",16.526,/3xFxGodKPMFLheS8rujFSmLfcq4.jpg,2007-02-15,False,False,7.349,5429
534,False,/vDR2h5uQNgWyx3fsEVnEOcNFibZ.jpg,"[53, 80, 10770]",801335,Girl in the Basement,en,Girl in the Basement,"Sara is a teen girl who is looking forward to her 18th birthday to move away from her controlling father Don. But before she could even blow out the candles, Don imprisons her in the basement of their home.",19.4576,/tPP9n6r5QrIKPnshnJqE7klptj2.jpg,2021-02-27,False,False,7.573,887
535,False,/nlPCdZlHtRNcF6C9hzUH4ebmV1w.jpg,"[35, 18, 10749]",313369,La La Land,en,La La Land,"Mia, an aspiring actress, serves lattes to movie stars in between auditions and Sebastian, a jazz musician, scrapes by playing cocktail party gigs in dingy bars, but as success mounts they are faced with decisions that begin to fray the fragile fabric of their love affair, and the dreams they worked so hard to maintain in each other threaten to rip them apart.",19.9392,/uDO8zWDhfWwoFdKS4fzkUJt0Rf0.jpg,2016-12-01,False,False,7.896,18390
536,False,/zxYp7GhqzcNqNSkjHoOdx0BEtOM.jpg,"[28, 9648, 53]",2501,The Bourne Identity,en,The Bourne Identity,"Wounded to the brink of death and suffering from amnesia, Jason Bourne is rescued at sea by a fisherman. With nothing to go on but a Swiss bank account number, he starts to reconstruct his life, but finds that many people he encounters want him dead. However, Bourne realizes that he has the combat and mental skills of a world-class spy—but who does he work for?",19.3112,/aP8swke3gmowbkfZ6lmNidu0y9p.jpg,2002-06-14,False,False,7.485,10311
537,False,/yFuKvT4Vm3sKHdFY4eG6I4ldAnn.jpg,"[28, 12, 878]",1771,Captain America: The First Avenger,en,Captain America: The First Avenger,"During World War II, Steve Rogers is a sickly man from Brooklyn who's transformed into super-soldier Captain America to aid in the war effort. Rogers must stop the Red Skull – Adolf Hitler's ruthless head of weaponry, and the leader of an organization that intends to use a mysterious device of untold powers for world domination.",20.0776,/vSNxAJTlD0r02V9sPYpOjqDZXUK.jpg,2011-07-22,False,False,7.01,23128
538,False,/mfnkxXWuh2Br097Qteq8ieqKfev.jpg,"[16, 35, 10751, 14]",159824,Hotel Transylvania 2,en,Hotel Transylvania 2,"When the old-old-old-fashioned vampire Vlad arrives at the hotel for an impromptu family get-together, Hotel Transylvania is in for a collision of supernatural old-school and modern day cool.",18.0849,/3nFnrivNgipSKZ8LZJJbRSlAcTR.jpg,2015-09-21,False,False,6.763,6227
539,False,/d3hiSKKyIjvB3Lv577vHh0TxbFM.jpg,[10749],1650558,Abot Langit,tl,Abot Langit,"The relationship of a couple is tested when the girl’s first official flight pairs her with a confident senior pilot, jealousy and power dynamics surface in the training ground. The girl is now torn between her present relationship and new temptation she can’t resist.",19.5467,/5lVYe4aSimWdxJINKwq9s68TZ2G.jpg,2026-03-13,False,False,5.0,1
540,False,/reHkSQwiYKK4SabnGDY1FWKie82.jpg,"[16, 10751, 35, 28]",49444,Kung Fu Panda 2,en,Kung Fu Panda 2,"Po is finally living the dream as the Dragon Warrior—until a shadow from his past comes roaring back. When the ruthless peacock Lord Shen unleashes a devastating new weapon used to wipe out kung fu masters across the land, Po and the Furious Five race across China to put an end to his plans. But if Po is to have any hope of stopping him, he must first confront the truth of his origins—and find inner peace before his past tears him apart.",16.8497,/mtqqD00vB4PGRt20gWtGqFhrkd0.jpg,2011-05-25,False,False,7.081,8085
541,False,,[18],862163,Antarvasna,mr,Antarvasna,A middle-aged housewife and mother of a 12 year old kid struggles to find time for herself to manage between unending housework and a regular ignorant husband.,14.1941,/dypsORPTqwL9HnL44AHFcmDjuBc.jpg,2021-03-20,False,False,0.0,0
542,False,/uuBYYlbfiYD7ny5VNj46NG14ykR.jpg,"[878, 53, 27]",520763,A Quiet Place Part II,en,A Quiet Place Part II,"Following the events at home, the Abbott family now face the terrors of the outside world. Forced to venture into the unknown, they realize that the creatures that hunt by sound are not the only threats that lurk beyond the sand path.",21.2386,/4q2hz2m8hubgvijz8Ez0T2Os2Yv.jpg,2021-05-21,False,False,7.429,7581
543,False,/49fzLedFVKgGgFChLMuulDJBY1c.jpg,"[18, 10752]",28,Apocalypse Now,en,Apocalypse Now,"At the height of the Vietnam war, Captain Benjamin Willard is sent on a dangerous mission that, officially, ""does not exist, nor will it ever exist."" His goal is to locate - and eliminate - a mysterious Green Beret Colonel named Walter Kurtz, who has been leading his personal army on illegal guerrilla missions into enemy territory.",19.775,/gQB8Y5RCMkv2zwzFHbUJX3kAhvA.jpg,1979-05-19,False,False,8.261,9303
544,False,/kF8ljC7Y4p1UsmKBi2LxelZpqw.jpg,"[35, 14]",917496,Beetlejuice Beetlejuice,en,Beetlejuice Beetlejuice,"After a family tragedy, three generations of the Deetz family return home to Winter River. Still haunted by Betelgeuse, Lydia's life is turned upside down when her teenage daughter, Astrid, accidentally opens the portal to the Afterlife.",23.1525,/kKgQzkUCnQmeTPkyIwHly2t6ZFI.jpg,2024-09-04,False,False,6.921,3259
545,False,/9La8mRvH81YdUa6HwyQicVqIrUJ.jpg,[27],1631506,The Hanged Woman,es,La ahorcada,"Rosa Martín, a singer-songwriter known as La Ahorcada, takes her own life in the garden of the man she loved, Fran, who treated her as nothing more than a sexual object. The ghost of La Ahorcada remains in Fran's mansion, refusing to be ignored and determined to teach him a lesson. Her obsession will end up turning the lives of Fran and his family into a living hell.",17.1286,/j5016vxLjYd5pmXezXNHYTbsjro.jpg,2026-04-22,False,False,5.478,46
546,False,/oHBhHoNe59VH6bUMazDtJmWOFSS.jpg,"[878, 27, 28]",940721,Godzilla Minus One,ja,ゴジラ-1.0,"In postwar Japan, Godzilla brings new devastation to an already scorched landscape. With no military intervention or government help in sight, the survivors must join together in the face of despair and fight back against an unrelenting horror.",18.5195,/2E2WTX0TJEflAged6kzErwqX1kt.jpg,2023-11-03,False,False,7.592,3352
547,False,/5fX1oSGuYdKgwWmUTAN5MNSQGzr.jpg,"[28, 12, 14]",209112,Batman v Superman: Dawn of Justice,en,Batman v Superman: Dawn of Justice,"Fearing the actions of a god-like Super Hero left unchecked, Gotham City’s own formidable, forceful vigilante takes on Metropolis’s most revered, modern-day savior, while the world wrestles with what sort of hero it really needs. And with Batman and Superman at war with one another, a new threat quickly arises, putting mankind in greater danger than it’s ever known before.",18.2352,/5UsK3grJvtQrtzEgqNlDljJW96w.jpg,2016-03-23,False,False,6.01,19271
548,False,/skvI4rYFrKXS73BJxWGH54Omlvv.jpg,"[10751, 14, 12]",420809,Maleficent: Mistress of Evil,en,Maleficent: Mistress of Evil,"Maleficent and her goddaughter Aurora begin to question the complex family ties that bind them as they are pulled in different directions by impending nuptials, unexpected allies, and dark new forces at play.",18.862,/vloNTScJ3w7jwNwtNGoG8DbTThv.jpg,2019-10-16,False,False,7.293,6587
549,False,/tPaurpIUskVji5vwV0dhy9pq4Vs.jpg,"[12, 16, 35, 10751]",953,Madagascar,en,Madagascar,Four animal friends get a taste of the wild life when they break out of captivity at the Central Park Zoo and wash ashore on the island of Madagascar.,21.0064,/zMpJY5CJKUufG9OTw0In4eAFqPX.jpg,2005-05-25,False,False,6.928,11940
550,False,/8vQBXqDbb30qNpBcNYwTesSg75.jpg,"[878, 12, 28, 18]",1927,Hulk,en,Hulk,"Bruce Banner, a genetics researcher with a tragic past, suffers massive radiation exposure in his laboratory that causes him to transform into a raging green monster when he gets angry.",17.6106,/UllIft2jLSBaay3zQyMV4GNdfy.jpg,2003-06-19,False,False,5.6,6415
551,False,/gl0jzn4BupSbL2qMVeqrjKkF9Js.jpg,"[12, 14, 16]",128,Princess Mononoke,ja,もののけ姫,"Ashitaka, a prince of the disappearing Emishi people, is cursed by a demonized boar god and must journey to the west to find a cure. Along the way, he encounters San, a young human woman fighting to protect the forest, and Lady Eboshi, who is trying to destroy it. Ashitaka must find a way to bring balance to this conflict.",20.7107,/cMYCDADoLKLbB83g4WnJegaZimC.jpg,1997-07-12,False,False,8.3,9211
552,False,/mZj8EUr6F1x2PWZjKPxaeYd5WRw.jpg,"[12, 16, 35, 10751, 14]",11688,The Emperor's New Groove,en,The Emperor's New Groove,"When the self‑absorbed Emperor Kuzco is accidentally transformed into a llama, he must rely on a humble villager to survive the jungle and reclaim his throne.",21.5221,/wwbgkXQBEKtnyIJapk6gUgWkVw8.jpg,2000-12-15,False,False,7.567,7430
553,False,/6h7w8R4BA7vubEmEEW5vYEjuoz6.jpg,"[18, 53]",1317288,Marty Supreme,en,Marty Supreme,"Marty Mauser, a young man with a dream no one respects, goes to hell and back in pursuit of greatness.",20.4266,/lYWEXbQgRTR4ZQleSXAgRbxAjvq.jpg,2025-12-19,False,False,7.369,2111
554,False,/z9DFGaWj4G4kZUWLZ6ESs1NP1Fp.jpg,"[35, 10749]",2105,American Pie,en,American Pie,"At a high-school party, four friends find that losing their collective virginity isn't as easy as they had thought. But they still believe that they need to do so before college. To motivate themselves, they enter a pact to all ""score"" by their senior prom.",17.5413,/5P68by2Thn8wHAziyWGEw2O7hco.jpg,1999-07-09,False,False,6.617,8499
555,False,/g1OvTd1eF346vmx8qsJnjaiooZ6.jpg,"[12, 14, 10751]",630,The Wizard of Oz,en,The Wizard of Oz,"Young Dorothy finds herself in a magical world where she makes friends with a lion, a scarecrow and a tin man as they make their way along the yellow brick road to talk with the Wizard and ask for the things they miss most in their lives. The Wicked Witch of the West is the only thing that could stop them.",19.8703,/uCC3j4pV9eOZwzDUWp2ilbcTf1f.jpg,1939-08-21,False,False,7.583,6239
556,False,/3Pg7gwfVqHkXwFgMgSLD3kdW3z2.jpg,[18],1724816,Helena,tl,Helena,"Helena, the only hilot in a small town who secretly has affairs with her patients' husbands. After a pregnant patient dies upon discovering Helena's affair with her own husband, the enraged townsfolk turn against her.",19.2299,/mcPq30k75P3kXQDF66NutDyEh64.jpg,2026-07-03,False,False,4.0,1
557,False,/2gAStVyyv9C3BSEKhP0a1aM3Qy9.jpg,"[27, 14]",426063,Nosferatu,en,Nosferatu,"A gothic tale of obsession between a haunted young woman and the terrifying vampire infatuated with her, causing untold horror in its wake.",16.6752,/5qGIxdEO841C0tdY8vOdLoRVrr0.jpg,2024-12-25,False,False,6.713,3907
558,False,/pMxO1beNNFYMDM7RcDyKW5Wheuz.jpg,"[12, 16, 35, 10751, 14]",991494,The SpongeBob Movie: Search for SquarePants,en,The SpongeBob Movie: Search for SquarePants,"Desperate to be a big guy, SpongeBob sets out to prove his bravery to Mr. Krabs by following The Flying Dutchman – a mysterious swashbuckling ghost pirate – on a seafaring adventure that takes him to the deepest depths of the deep sea, where no Sponge has gone before.",20.1632,/xJnOMMsFASxNiFnG7v3TNIQ3ife.jpg,2025-12-16,False,False,6.778,342
559,False,/rOJb0yQOCny0bPjg8bCLw8DyAD7.jpg,"[35, 12, 878]",550988,Free Guy,en,Free Guy,"A bank teller discovers he is actually a background player in an open-world video game, and decides to become the hero of his own story. Now, in a world where there are no limits, he is determined to be the guy who saves his world his way before it's too late.",17.471,/dxraF0qPr1OEgJk17ltQTO84kQF.jpg,2021-08-11,False,False,7.439,10082
560,False,/tBRSSfgqOAq7YlG8udcoJIBm2FG.jpg,"[28, 80, 18]",1213243,Toxic : A Fairy Tale for Grown-ups,kn,ಟಾಕ್ಸಿಕ್,"A powerful drug cartel pulls the strings behind a facade of sun-soaked beaches as a gritty, violent underworld power struggle emerges during the crumbling of Portuguese colonial rule.",17.9683,/oiIPU4lvnI0Ag2K9cyAi44eCaoE.jpg,2026-08-26,False,False,5.0,1
561,False,/m5dA4JZsj78EBTa2D6imWOAebwB.jpg,[35],4247,Scary Movie,en,Scary Movie,"A familiar-looking group of teenagers find themselves being stalked by a more-than-vaguely recognizable masked killer! As the victims begin to pile up and the laughs pile on, none of your favorite scary movies escape the razor-sharp satire of this outrageously funny parody!",17.7863,/fVQFPRuw3yWXojYDJvA5EoFjUOY.jpg,2000-07-07,False,False,6.427,8083
562,False,/xwgBHC2FgoIrQitl8jZwXXdsR9u.jpg,"[35, 18, 53]",466272,Once Upon a Time... in Hollywood,en,Once Upon a Time... in Hollywood,"Los Angeles, 1969. TV star Rick Dalton, a struggling actor specializing in westerns, and stuntman Cliff Booth, his best friend, try to survive in a constantly changing movie industry. Dalton is the neighbor of the young and promising actress and model Sharon Tate, who has just married the prestigious Polish director Roman Polanski…",21.9664,/8j58iEBw9pOXFD2L0nt0ZXeHviB.jpg,2019-07-24,False,False,7.42,15146
563,False,/oFQilRMEq6yQbtMPxIYWpXeQ5ZN.jpg,"[80, 53]",291805,Now You See Me 2,en,Now You See Me 2,"One year after outwitting the FBI and winning the public’s adulation with their mind-bending spectacles, the Four Horsemen resurface only to find themselves face to face with a new enemy who enlists them to pull off their most dangerous heist yet.",16.553,/A81kDB6a1K86YLlcOtZB27jriJh.jpg,2016-06-02,False,False,6.824,11753
564,False,/tyj0QztA0PkYo6XauifWjkx7UVi.jpg,"[16, 10751, 14, 12]",12092,Alice in Wonderland,en,Alice in Wonderland,"On a golden afternoon, wildly curious young Alice tumbles into the burrow and enters the merry, madcap world of Wonderland full of whimsical escapades.",18.8097,/20cvfwfaFqNbe9Fc3VEHJuPRxmn.jpg,1951-08-09,False,False,7.189,6359
565,False,/wWqTMWkEw6HouLd1zPZbZWxtAPr.jpg,"[28, 878, 12]",399566,Godzilla vs. Kong,en,Godzilla vs. Kong,"In a time when monsters walk the Earth, humanity’s fight for its future sets Godzilla and Kong on a collision course that will see the two most powerful forces of nature on the planet collide in a spectacular battle for the ages.",16.9266,/pgqgaUx1cJb5oZQQ5v0tNARCeBp.jpg,2021-03-24,False,False,7.524,10782
566,False,/96chPcURxg5thGyLqxO6otyxHFR.jpg,"[28, 35, 12]",1169516,Welcome To The Jungle,hi,Welcome To The Jungle,"A group of quirky characters gets stuck in a dangerous jungle during a chaotic mission. Filled with confusion, criminals, and hilarious situations, they must work together to survive and find their way out.",19.0992,/1JlfUuvvX5xLP2LIDah4JhWUtTx.jpg,2026-06-25,False,False,4.967,30
567,False,/nPLS4lsCl34nIIMb1MBYtHsd5hY.jpg,"[35, 10749]",26827,Who's That Girl,en,Who's That Girl,An uptight New York City tax lawyer gets his life turned upside down one day when he's asked to escort a feisty free-spirited ex-convict who asks him to help prove her innocence of her crime.,30.4497,/2Yu6ciKKgSWIZAzUg4IrrifO23z.jpg,1987-08-07,False,False,5.506,257
568,False,/c6H7Z4u73ir3cIoCteuhJh7UCAR.jpg,"[878, 28, 12]",524434,Eternals,en,Eternals,"The Eternals are a team of ancient aliens who have been living on Earth in secret for thousands of years. When an unexpected tragedy forces them out of the shadows, they are forced to reunite against mankind’s most ancient enemy, the Deviants.",18.7057,/lFByFSLV5WDJEv3KabbdAF959F2.jpg,2021-11-03,False,False,6.757,9347
569,False,/egVj5Y9f79xPnyAQJmeDR0Uwow3.jpg,"[53, 18, 10749]",2251,Unfaithful,en,Unfaithful,A New York suburban couple's marriage goes dangerously awry when the wife indulges in an adulterous fling.,19.2456,/bjiHEhuiwhIygzjczbTPAA07cGc.jpg,2002-05-10,False,False,6.719,1783
570,False,/9udCLTxTFl28RxnK8Q05E154ZGa.jpg,"[35, 18]",120467,The Grand Budapest Hotel,en,The Grand Budapest Hotel,"The Grand Budapest Hotel tells of a legendary concierge at a famous European hotel between the wars and his friendship with a young employee who becomes his trusted protégé. The story involves the theft and recovery of a priceless Renaissance painting, the battle for an enormous family fortune and the slow and then sudden upheavals that transformed Europe during the first half of the 20th century.",20.5381,/eWdyYQreja6JGCzqHWXpWHDrrPo.jpg,2014-02-26,False,False,8.025,16415
571,False,/apfyLCPVFttB8oXcsLJ7q0NSFLx.jpg,"[53, 36, 10752]",1318413,Pressure,en,Pressure,"In the tense 72 hours before D-Day, and the fate of the free world hanging in the balance, General Dwight D. Eisenhower and Captain James Stagg face an impossible choice—launch the largest and most dangerous seaborne invasion in history or risk losing the war altogether.",17.7783,/gFjEggtrejCN79r6SXRjM269OtG.jpg,2026-05-28,False,False,7.8,318
572,False,/8itHQecANtOevcCdr3AhVxFCYkw.jpg,"[18, 28, 12, 36, 10752]",1495,Kingdom of Heaven,en,Kingdom of Heaven,"After his wife dies, a blacksmith named Balian is thrust into royalty, political intrigue and bloody holy wars during the Crusades.",20.6061,/rNaBe4TwbMef71sgscqabpGKsxh.jpg,2005-05-03,False,False,7.08,5168
573,False,,[10749],895954,母女汽车中心,ko,莫尼卡中心,"Yeon Ja, a working mother, runs a car center after divorce and is raising her daughter all by herself. Her daughter, Ah Jung, started helping her when she became an adult, however, the customers don't trust weak-looking women to touch machines and the business at the car center is slow. Thanks to Ah Jung's punk boyfriend, Sung Hoon, they came up with an idea to turn the car center into a sexy car center.",16.8567,/saca8CL9kk22AS5BfMbwSYgMvdp.jpg,2021-01-01,False,False,4.0,1
574,False,/dSfrsjhqC6lYe7LYDYnzWeXZmEl.jpg,"[14, 16, 10751]",9479,The Nightmare Before Christmas,en,The Nightmare Before Christmas,"Tired of scaring humans every October 31 with the same old bag of tricks, Jack Skellington, the spindly king of Halloween Town, kidnaps Santa Claus and plans to deliver shrunken heads and other ghoulish gifts to children on Christmas morning. But as Christmas approaches, Jack's rag-doll girlfriend, Sally, tries to foil his misguided plans.",18.3183,/oQffRNjK8e19rF7xVYEN8ew0j7b.jpg,1993-10-09,False,False,7.833,10512
575,False,/7g1zO5t0bd27Iqn5ZUDJmksOGPJ.jpg,"[18, 9648, 37]",273248,The Hateful Eight,en,The Hateful Eight,Bounty hunters seek shelter from a raging blizzard and get caught up in a plot of betrayal and deception.,16.3248,/jIywvdPjia2t3eKYbjVTcwBQlG8.jpg,2015-12-25,False,False,7.757,15539
576,False,/7cHPvy3aF1mDMX1zqmZRt8YE7Vr.jpg,"[28, 35]",1316427,7 Dogs,ar,7 كلاب,Interpol agent Khalid Al-Azzazi joins forces with Ghali Abu Dawood from the 7 Dogs crime syndicate to fight drug trafficking.,19.7773,/66n5bB6iYTWsWMz0mh3Qv7qmzIJ.jpg,2026-05-27,False,False,6.1,13
577,False,/dcvbs8z0GEXslC1kCT77x19XDeR.jpg,"[10402, 18]",424694,Bohemian Rhapsody,en,Bohemian Rhapsody,"Singer Freddie Mercury, guitarist Brian May, drummer Roger Taylor and bass guitarist John Deacon take the music world by storm when they form the rock 'n' roll band Queen in 1970. Hit songs become instant classics. When Mercury's increasingly wild lifestyle starts to spiral out of control, Queen soon faces its greatest challenge yet – finding a way to keep the band together amid the success and excess.",16.5119,/lHu1wtNaczFPGFDTrjCSzeLPTKN.jpg,2018-10-24,False,False,7.953,17978
578,False,/mHG7dpLb0ZScSY3LpP443IHRmjy.jpg,"[16, 53]",10494,Perfect Blue,ja,PERFECT BLUE,"Rising pop star Mima Kirigoe quits singing to pursue a career as an actress. After she takes up a role on a popular detective show, her handlers and collaborators begin turning up murdered. Harboring feelings of guilt and haunted by visions of her former self, Mima's reality and fantasy meld into a frenzied paranoia.",19.1427,/6WTiOCfDPP8XV4jqfloiVWf7KHq.jpg,1998-02-28,False,False,8.306,3311
579,False,/a17F3zXnmuwqxfiDa46mtlosjrv.jpg,"[28, 12, 16, 35, 10751]",675445,PAW Patrol: The Movie,en,PAW Patrol: The Movie,Ryder and the pups are called to Adventure City to stop Mayor Humdinger from turning the bustling metropolis into a state of chaos.,19.6009,/jXavWyam2VPR6bOhLwwuP3K2Hw4.jpg,2021-08-09,False,False,7.3,1286
580,False,/hfv5JL4AHowjMhDDE91OI9RTMbE.jpg,[18],1592768,One Gram of Life,bg,Един грам живот,"“One Gram of Life” follows four interconnected stories inspired by real events, exposing the harsh consequences of drug use and distribution among young people. The film aims to raise awareness about the risks teenagers and their families face.",16.5765,/jmyGH1ZG6XE6DSEHMIJRjjUwKfq.jpg,2025-11-14,False,False,0.0,0
581,False,/dF6FjTZzRTENfB4R17HDN20jLT2.jpg,"[12, 878, 53, 28]",135397,Jurassic World,en,Jurassic World,"Twenty-two years after the events of Jurassic Park, Isla Nublar now features a fully functioning dinosaur theme park, Jurassic World, as originally envisioned by John Hammond.",20.0284,/rhr4y79GpxQF9IsfJItRXVaoGs4.jpg,2015-06-06,False,False,6.703,21845
582,False,/eezsbzYPbYKjjh6E1XHDBNlLynh.jpg,"[878, 28, 12, 35]",98566,Teenage Mutant Ninja Turtles,en,Teenage Mutant Ninja Turtles,"When a kingpin threatens New York City, a group of mutated turtle warriors must emerge from the shadows to protect their home.",18.1773,/azL2ThbJMIkts3ZMt3j1YgBUeDB.jpg,2014-08-07,False,False,5.932,7294
583,False,/zmX7ObPaRfiCmY6LMalUb1bJDKj.jpg,"[16, 28, 12, 14, 10751]",527774,Raya and the Last Dragon,en,Raya and the Last Dragon,"Long ago, in the fantasy world of Kumandra, humans and dragons lived together in harmony. But when an evil force threatened the land, the dragons sacrificed themselves to save humanity. Now, 500 years later, that same evil has returned and it’s up to a lone warrior, Raya, to track down the legendary last dragon to restore the fractured land and its divided people.",21.8238,/5nVhgCzxKbK47OLIKxCR1syulOn.jpg,2021-03-03,False,False,7.795,7410
584,False,/uLtVbjvS1O7gXL8lUOwsFOH4man.jpg,"[28, 878, 12]",118340,Guardians of the Galaxy,en,Guardians of the Galaxy,"Light years from Earth, 26 years after being abducted, Peter Quill finds himself the prime target of a manhunt after discovering an orb wanted by Ronan the Accuser.",21.6926,/r7vmZjiyZw9rpJMQJdXpjgiCOk9.jpg,2014-07-30,False,False,7.908,30183
585,False,/nMQMfDBmjDn9jsXVXagGwUBWUSs.jpg,"[27, 53]",1616268,Aroopi,ml,അരൂപി,"A vengeful Yakshini, once sealed inside a doll at the Aryanattu estate, is accidentally unleashed by two thieves. When a brutal murder draws Niranjan, the last surviving heir of the lineage, back to his ancestral home, he must confront an ancient curse and the dark secrets surrounding his family's past.",15.1589,/yLDuHm2QgsNHuENoBvOlDKRwMyF.jpg,2026-07-03,False,False,1.333,3
586,False,/Aueidj1cfpZBOW5KbyVCyKMSZE1.jpg,"[18, 10749, 36]",585032,Sa Bang-ji,ko,사방지,"Sa Bangji was an intersex person who according to historical records lived during Korea’s Joseon Dynasty. Taken in by a kindly benefactor, Sa Bangji lives in a monastery that is one day visited by a young widow, Lee So-sa, who is in mourning following the death of her husband. The pair’s meeting seems predestined, with the erotic attraction between Sa Bangji and Lee So-sa soon evolving into something far more transcendent – and dangerous.  While aspects of the film – its stylised depiction of female actors and sex – identify it as a product of its time, Sa Bangji is undeniably a milestone in screen representations of intersex people, a film that refuses to shy away from the horrendous stigmatization faced by its titular character.",16.6601,/uFsTrW5qzU2l3YE0ataLoUgfsjJ.jpg,1988-10-29,False,False,6.6,5
587,False,/bBQHALHRAaaORlPNXv7fNcRXYdx.jpg,"[9648, 53, 27]",419430,Get Out,en,Get Out,"Chris and his girlfriend Rose go upstate to visit her parents for the weekend. At first, Chris reads the family's overly accommodating behavior as nervous attempts to deal with their daughter's interracial relationship, but as the weekend progresses, a series of increasingly disturbing discoveries lead him to a truth that he never could have imagined.",19.595,/tFXcEccSQMf3lfhfXKSU9iRBpa3.jpg,2017-02-24,False,False,7.625,19236
588,False,/iwvP8XVpYVmJ3xfF9xdBi5uAOWl.jpg,"[80, 18, 53, 28]",75780,Jack Reacher,en,Jack Reacher,"One morning in an ordinary town, five people are shot dead in a seemingly random attack. All evidence points to a single suspect: an ex-military sniper who is quickly brought into custody. The interrogation yields one written note: 'Get Jack Reacher!'. Reacher, an enigmatic ex-Army investigator, believes the authorities have the right man but agrees to help the sniper's defense attorney. However, the more Reacher delves into the case, the less clear-cut it appears. So begins an extraordinary chase for the truth, pitting Jack Reacher against an unexpected enemy, with a skill for violence and a secret to keep.",18.1465,/uQBbjrLVsUibWxNDGA4Czzo8lwz.jpg,2012-12-20,False,False,6.676,7812
589,False,/4BSJVRQ3EsHMIVZSiKz1l58jDhg.jpg,"[27, 9648]",1480387,undertone,en,undertone,The host of a popular paranormal podcast becomes haunted by terrifying recordings mysteriously sent her way.,18.7231,/2PFgFMnrdCPXWiZl1PUvky7Mo9D.jpg,2026-03-12,False,False,6.052,600
590,False,/bVGHSe47W6oCQL1Q88pvRAet51A.jpg,"[18, 9648]",1330021,Remarkably Bright Creatures,en,Remarkably Bright Creatures,"Through unlikely bonds formed during night shifts at a local aquarium, Tova, an elderly widow, learns of a life-changing discovery that may bring her joy and wonder once again.",17.5989,/9HcEqn3D4J6b2Z0jK54id9nA0fr.jpg,2026-05-07,False,False,8.437,863
591,False,/yir5430WblZSZuIMd9C6pIZerfA.jpg,"[28, 80]",339403,Baby Driver,en,Baby Driver,"After being coerced into working for a crime boss, a young getaway driver finds himself taking part in a heist doomed to fail.",17.0265,/tYzFuYXmT8LOYASlFCkaPiAFAl0.jpg,2017-06-28,False,False,7.444,17106
592,False,/iYqSQaWDttQIQzsxg9xHyg0bttG.jpg,"[27, 878]",945961,Alien: Romulus,en,Alien: Romulus,"While scavenging the deep ends of a derelict space station, a group of young space colonizers come face to face with the most terrifying life form in the universe.",18.0776,/2uSWRTtCG336nuBiG8jOTEUKSy8.jpg,2024-08-13,False,False,7.161,4817
593,False,/aC6wW62V6b0csr5iUnbOjYAqfhg.jpg,"[18, 53, 9648]",345,Eyes Wide Shut,en,Eyes Wide Shut,"After Dr. Bill Harford's wife, Alice, admits to having sexual fantasies about a man she met, Bill becomes obsessed with having a sexual encounter. He discovers an underground sexual group and attends one of their meetings -- and quickly discovers that he is in over his head.",19.3256,/knEIz1eNGl5MQDbrEAVWA7iRqF9.jpg,1999-07-16,False,False,7.484,7237
594,False,/EnDlndEvw6Ptpp8HIwmRcSSNKQ.jpg,"[14, 35, 12]",425909,Ghostbusters: Afterlife,en,Ghostbusters: Afterlife,"When single mom Callie and her two kids Trevor and Phoebe arrive in a small Oklahoma town, they begin to discover their connection to the original Ghostbusters and the secret legacy their grandfather left behind.",20.9214,/sg4xJaufDiQl7caFEskBtQXfD4x.jpg,2021-11-18,False,False,7.312,5281
595,False,/oJ1MIABA0WF0a7MDVQnnMvBdex8.jpg,"[27, 35]",567609,Ready or Not,en,Ready or Not,A young bride's wedding night turns into her worst nightmare when her ridiculously rich in-laws force her to play a gruesome game of hide-and-seek.,19.6387,/oJD9KQFoObZmxAS1je56SIFVNJt.jpg,2019-08-21,False,False,7.095,5819
596,False,/zGLHX92Gk96O1DJvLil7ObJTbaL.jpg,"[14, 12]",338953,Fantastic Beasts: The Secrets of Dumbledore,en,Fantastic Beasts: The Secrets of Dumbledore,"Professor Albus Dumbledore knows the powerful, dark wizard Gellert Grindelwald is moving to seize control of the wizarding world. Unable to stop him alone, he entrusts magizoologist Newt Scamander to lead an intrepid team of wizards and witches. They soon encounter an array of old and new beasts as they clash with Grindelwald's growing legion of followers.",17.0361,/3c5GNLB4yRSLBby0trHoA1DSQxQ.jpg,2022-04-06,False,False,6.624,5212
597,False,/4XPNNt0zfZKBqxxVWaQALd57UHl.jpg,"[12, 16, 10751, 14]",823219,Flow,lv,Straume,"A solitary cat, displaced by a great flood, finds refuge on a boat with various species and must navigate the challenges of adapting to a transformed world together.",19.8926,/z2sG41PxfL1hnL1mHbxzSREUtOf.jpg,2024-08-29,False,False,8.068,3012
598,False,/cF3H9pyUF6dsvqlYUcH0TyBAMTG.jpg,"[12, 16, 10751]",105864,The Good Dinosaur,en,The Good Dinosaur,An epic journey into the world of dinosaurs where an Apatosaurus named Arlo makes an unlikely human friend.,19.9641,/8RSkxOO80btfKjyiC5ZiTaCHIT8.jpg,2015-11-14,False,False,6.748,6123
599,False,/mIpCxBWNz6SHCQBe2K2PFr5MB7f.jpg,"[16, 10751, 35, 14]",62211,Monsters University,en,Monsters University,A look at the relationship between Mike and Sulley during their days at Monsters University — when they weren't necessarily the best of friends.,19.0584,/y7thwJ7z5Bplv6vwl6RI0yteaDD.jpg,2013-06-19,False,False,7.056,11500
